5575-GNVDE,1,0,0,0,34,1,0,56.95,1889.5,1,4,1,0,0,1,0,0,0,0,1,1,0,0,0,0,1,1,0,0,1,0,0,1,0,0,0,1,0,0,0,0,1,0,0,1,0
7469-LKBCI,1,0,0,0,16,1,0,18.95,326.8,0,1,1,0,0,0,0,1,0,1,0,0,1,0,0,1,0,0,1,0,0,1,0,0,1,0,0,0,1,0,1,0,0,0,1,0,0
7310-EGVHZ,1,0,0,0,1,1,0,20.2,20.2,0,1,1,0,0,0,0,1,0,1,0,0,1,0,0,1,0,0,1,0,0,1,0,0,1,0,1,0,0,1,0,0,0,1,0,0,0
3413-BMNZE,1,1,0,0,1,1,0,45.25,45.25,0,2,1,0,0,1,0,0,1,0,0,1,0,0,1,0,0,1,0,0,1,0,0,1,0,0,1,0,0,1,0,0,0,1,0,0,0
4671-VJLCL,0,0,0,0,63,1,1,79.85,4861.45,1,8,0,0,1,1,0,0,0,0,1,0,0,1,0,0,1,0,0,1,0,0,1,1,0,0,0,0,1,0,1,0,0,0,0,0,1
8012-SOUDQ,0,1,0,0,43,1,1,90.25,3838.75,0,5,0,0,1,0,1,0,1,0,0,0,0,1,1,0,0,1,0,0,0,0,1,1,0,0,1,0,0,0,0,1,0,0,0,1,0
6575-SUVOI,0,1,1,0,25,1,1,69.5,1752.65,1,6,0,0,1,1,0,0,0,0,1,1,0,0,1,0,0,0,0,1,0,0,1,1,0,0,1,0,0,0,1,0,0,0,0,1,0
1658-BYGOY,1,1,0,0,18,1,1,95.45,1752.55,0,5,0,0,1,0,1,0,1,0,0,1,0,0,1,0,0,1,0,0,0,0,1,0,0,1,1,0,0,0,0,1,0,0,1,0,0
7410-OIEDU,1,0,0,0,10,1,1,79.85,887.35,1,4,1,0,0,0,1,0,0,0,1,1,0,0,0,0,1,1,0,0,1,0,0,1,0,0,1,0,0,0,0,0,1,1,0,0,0
3192-NQECA,1,0,1,0,68,1,1,110.0,7611.85,1,8,0,0,1,0,1,0,1,0,0,0,0,1,0,0,1,0,0,1,0,0,1,0,0,1,0,0,1,1,0,0,0,0,0,0,1
5712-AHQNN,0,0,0,0,43,1,1,91.65,3954.1,0,5,1,0,0,0,1,0,1,0,0,0,0,1,0,0,1,1,0,0,0,0,1,1,0,0,1,0,0,0,0,1,0,0,0,1,0
2372-HWUHI,1,0,0,0,2,1,0,44.35,81.25,0,2,1,0,0,1,0,0,1,0,0,1,0,0,1,0,0,1,0,0,1,0,0,1,0,0,1,0,0,0,0,1,0,1,0,0,0
0390-DCFDQ,0,1,1,0,1,1,1,70.45,70.45,0,2,1,0,0,0,1,0,1,0,0,1,0,0,1,0,0,1,0,0,1,0,0,1,0,0,1,0,0,0,0,0,1,1,0,0,0
3146-MSEGF,0,1,1,1,72,1,1,88.05,6425.65,1,9,0,0,1,1,0,0,0,0,1,0,0,1,0,0,1,0,0,1,0,0,1,0,0,1,0,0,1,0,1,0,0,0,0,0,1
3780-YVMFA,0,0,1,1,8,1,1,68.55,564.35,1,5,1,0,0,1,0,0,1,0,0,1,0,0,1,0,0,0,0,1,0,0,1,0,0,1,1,0,0,0,0,1,0,1,0,0,0
3077-RSNTJ,0,0,1,1,6,1,0,19.7,113.5,0,1,1,0,0,0,0,1,0,1,0,0,1,0,0,1,0,0,1,0,0,1,0,0,1,0,1,0,0,0,0,0,1,1,0,0,0
5947-SGKCL,0,0,1,1,15,1,1,105.35,1559.25,0,7,0,0,1,0,1,0,1,0,0,0,0,1,0,0,1,1,0,0,0,0,1,0,0,1,1,0,0,1,0,0,0,0,1,0,0
9367-WXLCH,1,0,0,0,8,1,0,84.5,662.65,0,4,0,0,1,0,1,0,1,0,0,1,0,0,1,0,0,1,0,0,1,0,0,0,0,1,1,0,0,1,0,0,0,1,0,0,0
2984-RGEYA,0,0,1,1,69,1,0,19.75,1375.4,0,1,1,0,0,0,0,1,0,1,0,0,1,0,0,1,0,0,1,0,0,1,0,0,1,0,0,0,1,1,0,0,0,0,0,0,1
6341-JVQGF,0,0,1,1,31,1,1,81.15,2545.75,1,7,1,0,0,1,0,0,0,0,1,1,0,0,0,0,1,0,0,1,0,0,1,0,0,1,0,1,0,0,0,0,1,0,0,1,0
7301-ABVAD,0,0,0,0,72,1,0,86.6,6350.5,1,8,0,0,1,1,0,0,1,0,0,0,0,1,0,0,1,0,0,1,0,0,1,0,0,1,0,0,1,1,0,0,0,0,0,0,1
6614-FHDBO,1,0,0,0,72,1,0,109.2,7878.3,1,8,0,0,1,0,1,0,1,0,0,0,0,1,0,0,1,0,0,1,0,0,1,0,0,1,0,0,1,1,0,0,0,0,0,0,1
7576-ASEJU,0,0,1,1,41,1,1,74.7,3187.65,1,6,1,0,0,1,0,0,0,0,1,1,0,0,1,0,0,0,0,1,0,0,1,0,0,1,0,1,0,0,1,0,0,0,0,1,0
0221-WMXNQ,1,1,0,0,4,1,0,75.35,273.4,1,3,1,0,0,0,1,0,0,0,1,1,0,0,1,0,0,1,0,0,1,0,0,1,0,0,1,0,0,0,0,1,0,1,0,0,0
9947-OTFQU,1,1,0,0,15,1,1,74.4,1074.3,0,3,1,0,0,0,1,0,1,0,0,0,0,1,1,0,0,1,0,0,1,0,0,1,0,0,1,0,0,0,0,1,0,0,1,0,0
0322-YINQP,1,0,0,0,1,1,1,48.55,48.55,1,3,1,0,0,1,0,0,0,0,1,1,0,0,1,0,0,1,0,0,1,0,0,1,0,0,1,0,0,0,0,0,1,1,0,0,0
7017-VFHAY,0,0,1,1,61,1,0,115.1,7008.15,1,9,0,0,1,0,1,0,0,0,1,0,0,1,0,0,1,0,0,1,0,0,1,0,0,1,0,0,1,0,1,0,0,0,0,0,1
3606-TWKGI,1,1,0,0,13,1,1,106.9,1364.3,0,7,0,0,1,0,1,0,1,0,0,0,0,1,0,0,1,1,0,0,0,0,1,0,0,1,1,0,0,0,0,1,0,0,1,0,0
4716-HHKQH,1,1,1,0,20,1,0,107.05,2172.05,1,7,0,0,1,0,1,0,1,0,0,0,0,1,1,0,0,0,0,1,0,0,1,0,0,1,1,0,0,0,0,1,0,0,1,0,0
1248-DYXUB,1,0,1,1,52,1,0,24.8,1229.1,0,2,0,0,1,0,0,1,0,1,0,0,1,0,0,1,0,0,1,0,0,1,0,0,1,0,0,0,1,0,0,0,1,0,0,0,1
2799-ARNLO,0,1,1,0,5,1,1,69.35,341.6,0,2,1,0,0,0,1,0,1,0,0,1,0,0,1,0,0,1,0,0,1,0,0,1,0,0,1,0,0,0,0,1,0,1,0,0,0
8626-PTQGE,1,0,0,0,69,0,1,60.05,4176.7,1,6,0,1,0,1,0,0,0,0,1,0,0,1,1,0,0,0,0,1,0,0,1,0,0,1,0,0,1,1,0,0,0,0,0,0,1
9057-MSWCO,1,1,1,0,27,0,0,30.75,805.1,1,2,0,1,0,1,0,0,0,0,1,1,0,0,1,0,0,1,0,0,1,0,0,1,0,0,1,0,0,0,1,0,0,0,0,1,0
3583-KRKMD,1,0,0,0,18,1,1,75.9,1373.05,1,3,1,0,0,0,1,0,1,0,0,1,0,0,1,0,0,0,0,1,1,0,0,1,0,0,1,0,0,1,0,0,0,0,1,0,0
9069-LGEUL,1,0,1,0,23,1,1,59.95,1406.0,1,4,1,0,0,1,0,0,0,0,1,1,0,0,1,0,0,1,0,0,1,0,0,0,0,1,1,0,0,1,0,0,0,0,1,0,0
7302-ZHMHP,0,0,0,0,1,1,0,19.15,19.15,0,1,1,0,0,0,0,1,0,1,0,0,1,0,0,1,0,0,1,0,0,1,0,0,1,0,1,0,0,0,0,0,1,1,0,0,0
3597-MVHJT,0,0,0,0,27,1,1,95.6,2595.25,0,5,0,0,1,0,1,0,1,0,0,1,0,0,1,0,0,1,0,0,0,0,1,0,0,1,1,0,0,1,0,0,0,0,0,1,0
2977-CEBSX,0,0,0,0,66,1,1,90.05,5965.95,1,9,0,0,1,1,0,0,0,0,1,0,0,1,0,0,1,0,0,1,0,0,1,0,0,1,0,0,1,0,1,0,0,0,0,0,1
9442-JTWDL,0,0,0,0,11,1,0,20.05,237.7,0,1,1,0,0,0,0,1,0,1,0,0,1,0,0,1,0,0,1,0,0,1,0,0,1,0,0,1,0,0,1,0,0,1,0,0,0
4800-VHZKI,0,0,0,0,1,1,1,19.9,19.9,0,1,1,0,0,0,0,1,0,1,0,0,1,0,0,1,0,0,1,0,0,1,0,0,1,0,1,0,0,0,0,0,1,1,0,0,0
4163-NCJAK,0,0,1,0,46,1,1,24.45,1066.15,0,2,0,0,1,0,0,1,0,1,0,0,1,0,0,1,0,0,1,0,0,1,0,0,1,0,0,1,0,1,0,0,0,0,0,1,0
5233-AOZUF,0,0,1,0,29,1,1,74.95,2149.05,0,3,0,0,1,0,1,0,1,0,0,1,0,0,1,0,0,1,0,0,1,0,0,1,0,0,1,0,0,0,0,1,0,0,0,1,0
5628-RKIFK,0,1,0,0,49,1,0,101.55,5070.4,1,6,0,0,1,0,1,0,0,0,1,1,0,0,1,0,0,1,0,0,0,0,1,0,0,1,1,0,0,0,1,0,0,0,0,0,1
7752-XUSCI,0,0,0,0,60,1,1,105.9,6396.45,0,7,0,0,1,0,1,0,1,0,0,0,0,1,0,0,1,1,0,0,0,0,1,0,0,1,1,0,0,0,0,1,0,0,0,0,1
4110-PFEUZ,0,0,0,0,1,1,0,69.55,69.55,0,2,1,0,0,0,1,0,1,0,0,1,0,0,1,0,0,1,0,0,1,0,0,1,0,0,1,0,0,0,0,0,1,1,0,0,0
0256-LTHVJ,0,0,1,1,28,1,1,81.05,2227.1,0,3,1,0,0,0,1,0,1,0,0,1,0,0,1,0,0,1,0,0,1,0,0,0,0,1,1,0,0,0,0,1,0,0,0,1,0
1480-BKXGA,1,1,1,0,72,1,1,116.05,8404.9,1,9,0,0,1,0,1,0,0,0,1,0,0,1,0,0,1,0,0,1,0,0,1,0,0,1,0,0,1,1,0,0,0,0,0,0,1
4640-UHDOS,0,0,1,1,13,1,0,55.95,734.35,0,3,1,0,0,1,0,0,1,0,0,1,0,0,1,0,0,1,0,0,1,0,0,0,0,1,1,0,0,0,0,1,0,0,1,0,0
3583-EKAPL,1,0,0,0,1,1,1,55.0,55.0,0,3,1,0,0,1,0,0,1,0,0,1,0,0,1,0,0,1,0,0,1,0,0,0,0,1,1,0,0,0,0,1,0,1,0,0,0
2359-KMGLI,1,0,0,0,24,1,1,80.25,1861.5,0,4,0,0,1,0,1,0,1,0,0,0,0,1,1,0,0,1,0,0,1,0,0,1,0,0,1,0,0,0,0,1,0,0,1,0,0
0306-JAELE,1,0,0,0,5,1,1,96.1,453.4,1,5,1,0,0,0,1,0,1,0,0,1,0,0,1,0,0,0,0,1,0,0,1,0,0,1,1,0,0,0,0,1,0,1,0,0,0
7971-HLVXI,1,0,1,1,72,1,1,84.5,6130.85,0,4,0,0,1,0,1,0,1,0,0,1,0,0,1,0,0,1,0,0,1,0,0,0,0,1,0,0,1,0,1,0,0,0,0,0,1
4472-LVYGI,0,0,1,1,0,0,1,52.55,0.0,1,5,0,1,0,1,0,0,0,0,1,1,0,0,0,0,1,0,0,1,0,0,1,1,0,0,0,0,1,1,0,0,0,1,0,0,0
6235-VDHOM,0,1,0,0,5,0,0,28.45,131.05,0,2,0,1,0,1,0,0,1,0,0,0,0,1,1,0,0,1,0,0,1,0,0,1,0,0,1,0,0,0,0,1,0,1,0,0,0
7783-YKGDV,0,0,0,0,12,1,1,99.7,1238.45,1,7,0,0,1,0,1,0,0,0,1,0,0,1,0,0,1,1,0,0,1,0,0,0,0,1,1,0,0,1,0,0,0,1,0,0,0
8981-FJGLA,1,0,0,1,11,1,1,78.0,851.8,0,4,0,0,1,0,1,0,1,0,0,1,0,0,0,0,1,1,0,0,1,0,0,1,0,0,1,0,0,0,0,0,1,1,0,0,0
4636-QRJKY,0,0,1,1,6,1,1,80.5,502.85,1,4,0,0,1,0,1,0,1,0,0,1,0,0,1,0,0,0,0,1,1,0,0,1,0,0,1,0,0,0,0,1,0,1,0,0,0
5956-VKDTT,0,1,1,0,5,1,1,74.35,334.8,0,3,0,0,1,0,1,0,1,0,0,1,0,0,1,0,0,1,0,0,1,0,0,1,0,0,1,0,0,0,0,1,0,1,0,0,0
0257-ZESQC,0,1,1,0,27,1,1,75.2,1929.35,1,3,1,0,0,0,1,0,0,0,1,1,0,0,1,0,0,1,0,0,1,0,0,1,0,0,1,0,0,1,0,0,0,0,0,1,0
0913-XWSCN,1,0,1,1,55,1,0,85.5,4713.4,0,4,0,0,1,0,1,0,1,0,0,1,0,0,1,0,0,1,0,0,1,0,0,0,0,1,1,0,0,1,0,0,0,0,0,0,1
1403-GYAFU,1,0,1,1,70,1,0,20.05,1360.25,0,1,1,0,0,0,0,1,0,1,0,0,1,0,0,1,0,0,1,0,0,1,0,0,1,0,0,0,1,0,1,0,0,0,0,0,1
4234-XTNEA,1,0,0,0,2,1,1,79.95,174.45,0,3,1,0,0,0,1,0,1,0,0,1,0,0,1,0,0,1,0,0,0,0,1,1,0,0,1,0,0,0,0,1,0,1,0,0,0
5348-CAGXB,1,0,0,0,12,1,1,89.55,1021.75,0,5,0,0,1,0,1,0,1,0,0,1,0,0,0,0,1,1,0,0,0,0,1,1,0,0,1,0,0,0,0,1,0,1,0,0,0
6859-QNXIQ,0,0,1,1,72,1,1,113.1,8248.5,1,9,0,0,1,0,1,0,0,0,1,0,0,1,0,0,1,0,0,1,0,0,1,0,0,1,0,0,1,1,0,0,0,0,0,0,1
0939-YAPAF,0,0,0,0,35,1,1,100.25,3527.6,0,6,0,0,1,0,1,0,1,0,0,1,0,0,0,0,1,1,0,0,0,0,1,0,0,1,1,0,0,0,0,1,0,0,0,1,0
9548-LIGTA,1,0,1,0,61,1,1,81.05,4747.65,1,7,1,0,0,1,0,0,0,0,1,0,0,1,1,0,0,0,0,1,0,0,1,0,0,1,0,0,1,0,0,0,1,0,0,0,1
8270-RKSAP,1,0,0,0,9,1,1,70.5,597.9,0,2,1,0,0,0,1,0,1,0,0,1,0,0,1,0,0,1,0,0,1,0,0,1,0,0,1,0,0,0,0,1,0,1,0,0,0
3627-FHKBK,0,0,0,0,1,1,0,75.3,75.3,1,3,1,0,0,0,1,0,0,0,1,1,0,0,1,0,0,1,0,0,1,0,0,1,0,0,1,0,0,0,0,0,1,1,0,0,0
9396-ZSFLL,0,0,0,0,15,1,0,48.85,631.4,0,3,0,0,1,1,0,0,1,0,0,1,0,0,1,0,0,1,0,0,1,0,0,1,0,0,1,0,0,0,0,0,1,0,1,0,0
8095-WANWK,0,0,0,0,10,1,0,45.25,428.7,0,2,1,0,0,1,0,0,1,0,0,1,0,0,1,0,0,1,0,0,1,0,0,1,0,0,1,0,0,0,0,0,1,1,0,0,0
3729-OWRVL,1,1,0,0,65,1,1,110.35,7246.15,1,8,0,0,1,0,1,0,0,0,1,1,0,0,0,0,1,0,0,1,0,0,1,0,0,1,0,0,1,0,0,1,0,0,0,0,1
5760-IFJOZ,1,0,0,0,3,1,0,107.95,313.6,0,7,0,0,1,0,1,0,1,0,0,0,0,1,0,0,1,1,0,0,0,0,1,0,0,1,1,0,0,0,0,0,1,1,0,0,0
8040-MNRTF,0,0,0,0,1,1,0,71.1,71.1,0,2,1,0,0,0,1,0,1,0,0,1,0,0,1,0,0,1,0,0,1,0,0,1,0,0,1,0,0,0,0,0,1,1,0,0,0
7133-VBDCG,0,0,0,0,25,1,1,79.85,2015.35,1,4,1,0,0,0,1,0,0,0,1,0,0,1,1,0,0,1,0,0,1,0,0,1,0,0,1,0,0,1,0,0,0,0,0,1,0
5575-TPIZQ,1,0,0,0,46,1,1,89.15,4245.55,1,5,0,0,1,0,1,0,0,0,1,1,0,0,1,0,0,1,0,0,0,0,1,1,0,0,1,0,0,0,1,0,0,0,0,1,0
9944-AEXBM,1,0,0,0,32,1,1,85.65,2664.3,0,4,0,0,1,0,1,0,1,0,0,1,0,0,1,0,0,1,0,0,1,0,0,0,0,1,1,0,0,1,0,0,0,0,0,1,0
4697-LUPSU,1,0,1,1,2,1,0,20.2,34.75,0,1,1,0,0,0,0,1,0,1,0,0,1,0,0,1,0,0,1,0,0,1,0,0,1,0,0,1,0,0,0,0,1,1,0,0,0
6425-JWTDV,1,0,1,0,48,1,0,19.25,855.1,0,1,1,0,0,0,0,1,0,1,0,0,1,0,0,1,0,0,1,0,0,1,0,0,1,0,0,0,1,0,0,0,1,0,0,1,0
9477-LGWQI,1,0,1,1,70,1,1,80.15,5600.15,1,7,1,0,0,1,0,0,0,0,1,0,0,1,0,0,1,1,0,0,0,0,1,0,0,1,0,0,1,0,1,0,0,0,0,0,1
0691-IFBQW,0,1,0,0,46,1,1,110.0,4874.8,1,8,0,0,1,0,1,0,0,0,1,0,0,1,0,0,1,1,0,0,0,0,1,0,0,1,0,1,0,0,0,1,0,0,0,1,0
0229-LFJAF,1,0,0,0,72,1,0,69.65,4908.25,1,7,0,0,1,1,0,0,0,0,1,0,0,1,0,0,1,0,0,1,1,0,0,1,0,0,0,0,1,1,0,0,0,0,0,0,1
2040-OBMLJ,1,0,0,0,31,1,0,81.7,2548.65,1,4,0,0,1,0,1,0,1,0,0,1,0,0,1,0,0,0,0,1,1,0,0,1,0,0,0,1,0,0,1,0,0,0,0,1,0
3009-JWMPU,1,0,0,0,62,1,1,96.75,6125.4,0,6,0,0,1,0,1,0,1,0,0,1,0,0,0,0,1,1,0,0,0,0,1,0,0,1,0,1,0,0,0,1,0,0,0,0,1
7382-DFJTU,1,0,0,0,18,1,0,55.2,1058.1,1,4,1,0,0,1,0,0,1,0,0,1,0,0,0,0,1,0,0,1,1,0,0,1,0,0,1,0,0,0,1,0,0,0,1,0,0
2798-NYLMZ,1,0,1,0,71,1,1,108.55,7616.0,1,8,0,0,1,0,1,0,0,0,1,1,0,0,0,0,1,0,0,1,0,0,1,0,0,1,0,0,1,0,1,0,0,0,0,0,1
2239-JALAW,1,0,0,0,58,1,1,103.25,6017.65,0,7,0,0,1,0,1,0,1,0,0,0,0,1,0,0,1,1,0,0,0,0,1,0,0,1,0,1,0,1,0,0,0,0,0,0,1
3551-GAEGL,1,0,1,1,34,0,0,30.4,938.65,1,2,0,1,0,1,0,0,0,0,1,1,0,0,1,0,0,1,0,0,1,0,0,1,0,0,0,1,0,1,0,0,0,0,0,1,0
2311-QYMUQ,0,0,1,1,16,1,1,89.45,1430.25,0,5,1,0,0,0,1,0,1,0,0,0,0,1,0,0,1,1,0,0,0,0,1,1,0,0,1,0,0,0,1,0,0,0,1,0,0
8184-WMOFI,1,0,1,1,62,1,0,71.4,4487.3,1,6,1,0,0,1,0,0,0,0,1,1,0,0,0,0,1,0,0,1,1,0,0,0,0,1,0,1,0,0,1,0,0,0,0,0,1
6549-NNDYT,0,0,0,0,13,0,1,30.85,394.1,1,2,0,1,0,1,0,0,0,0,1,1,0,0,1,0,0,1,0,0,1,0,0,1,0,0,1,0,0,1,0,0,0,0,1,0,0
2316-ESMLS,0,0,1,1,12,0,0,33.15,444.75,1,3,0,1,0,1,0,0,0,0,1,1,0,0,1,0,0,0,0,1,1,0,0,1,0,0,0,1,0,0,1,0,0,1,0,0,0
0323-XWWTN,1,0,0,1,3,1,1,26.4,121.25,0,2,0,0,1,0,0,1,0,1,0,0,1,0,0,1,0,0,1,0,0,1,0,0,1,0,0,0,1,0,0,0,1,1,0,0,0
4079-WWQQQ,1,0,0,0,72,0,1,65.55,4807.45,1,7,0,1,0,1,0,0,0,0,1,0,0,1,0,0,1,0,0,1,0,0,1,0,0,1,0,0,1,1,0,0,0,0,0,0,1
5787-KXGIY,1,0,1,0,72,1,0,19.3,1304.8,0,1,1,0,0,0,0,1,0,1,0,0,1,0,0,1,0,0,1,0,0,1,0,0,1,0,0,0,1,0,1,0,0,0,0,0,1
6400-BWQKW,0,0,0,0,6,1,1,79.05,434.5,1,4,0,0,1,0,1,0,0,0,1,1,0,0,1,0,0,1,0,0,1,0,0,1,0,0,1,0,0,0,0,1,0,1,0,0,0
9904-EHEVJ,0,1,1,1,32,1,1,91.35,2896.55,0,5,0,0,1,0,1,0,1,0,0,1,0,0,0,0,1,1,0,0,0,0,1,1,0,0,1,0,0,0,0,0,1,0,0,1,0
0851-DFJKB,0,0,0,0,15,1,0,58.95,955.15,1,5,1,0,0,1,0,0,0,0,1,1,0,0,0,0,1,0,0,1,1,0,0,1,0,0,1,0,0,0,0,1,0,0,1,0,0
0556-FJEGU,1,0,0,0,58,1,0,70.1,4048.95,1,6,1,0,0,1,0,0,1,0,0,0,0,1,0,0,1,0,0,1,0,0,1,1,0,0,0,0,1,1,0,0,0,0,0,0,1
1374-DMZUI,0,1,0,0,4,1,1,94.3,424.45,0,5,0,0,1,0,1,0,1,0,0,1,0,0,1,0,0,1,0,0,0,0,1,0,0,1,1,0,0,0,0,1,0,1,0,0,0
3234-VKACU,1,0,0,0,2,1,0,70.3,132.4,1,5,1,0,0,1,0,0,1,0,0,1,0,0,1,0,0,0,0,1,0,0,1,0,0,1,1,0,0,0,0,1,0,1,0,0,0
7426-RHZGU,1,0,0,0,9,1,1,95.9,827.45,1,5,1,0,0,0,1,0,1,0,0,1,0,0,1,0,0,0,0,1,0,0,1,0,0,1,1,0,0,1,0,0,0,1,0,0,0
4065-JJAVA,0,0,0,0,1,1,0,49.5,49.5,0,3,1,0,0,1,0,0,1,0,0,0,0,1,1,0,0,1,0,0,1,0,0,1,0,0,1,0,0,0,0,1,0,1,0,0,0
7649-SIJJF,1,0,1,0,71,1,1,80.1,5585.4,1,8,0,0,1,1,0,0,0,0,1,0,0,1,0,0,1,0,0,1,1,0,0,0,0,1,0,0,1,0,0,0,1,0,0,0,1
9391-TTOYH,0,0,0,0,23,1,1,19.5,470.2,0,1,1,0,0,0,0,1,0,1,0,0,1,0,0,1,0,0,1,0,0,1,0,0,1,0,1,0,0,0,0,0,1,0,1,0,0
7460-ITWWP,0,1,1,0,45,1,1,86.1,3861.45,0,4,1,0,0,0,1,0,1,0,0,1,0,0,0,0,1,1,0,0,1,0,0,0,0,1,1,0,0,0,0,1,0,0,0,1,0
7147-AYBAA,1,0,0,0,37,1,1,70.35,2552.9,0,2,1,0,0,0,1,0,1,0,0,1,0,0,1,0,0,1,0,0,1,0,0,1,0,0,1,0,0,0,0,0,1,0,0,1,0
7868-TMWMZ,0,1,1,0,60,1,1,110.0,6668.35,1,8,1,0,0,0,1,0,0,0,1,0,0,1,0,0,1,0,0,1,0,0,1,0,0,1,0,0,1,1,0,0,0,0,0,0,1
5669-SRAIP,0,0,0,0,5,0,0,39.5,210.75,0,3,0,1,0,1,0,0,1,0,0,1,0,0,0,0,1,1,0,0,1,0,0,0,0,1,1,0,0,0,0,1,0,1,0,0,0
3486-NPGST,0,0,0,0,36,1,0,19.55,620.75,0,1,1,0,0,0,0,1,0,1,0,0,1,0,0,1,0,0,1,0,0,1,0,0,1,0,0,1,0,0,0,0,1,0,0,1,0
1730-VFMWO,0,0,1,0,34,1,0,50.2,1815.3,1,3,1,0,0,1,0,0,1,0,0,1,0,0,1,0,0,0,0,1,1,0,0,1,0,0,1,0,0,1,0,0,0,0,0,1,0
4194-WHFCB,0,0,1,1,59,1,1,96.65,5580.8,1,6,0,0,1,0,1,0,1,0,0,0,0,1,1,0,0,0,0,1,1,0,0,0,0,1,1,0,0,1,0,0,0,0,0,0,1
0301-KOBTQ,1,0,0,0,32,1,1,20.05,614.45,0,1,1,0,0,0,0,1,0,1,0,0,1,0,0,1,0,0,1,0,0,1,0,0,1,0,0,0,1,1,0,0,0,0,0,1,0
4441-NIHPT,0,1,0,0,13,1,1,74.3,940.35,0,3,1,0,0,0,1,0,1,0,0,1,0,0,0,0,1,1,0,0,1,0,0,1,0,0,1,0,0,0,0,1,0,0,1,0,0
4546-FOKWR,0,0,0,0,16,1,1,74.75,1129.35,0,3,0,0,1,0,1,0,1,0,0,1,0,0,1,0,0,1,0,0,1,0,0,1,0,0,1,0,0,0,1,0,0,0,1,0,0
5832-TRLPB,1,0,0,0,29,1,1,75.35,2243.9,1,6,1,0,0,1,0,0,1,0,0,1,0,0,0,0,1,0,0,1,0,0,1,0,0,1,0,1,0,1,0,0,0,0,0,1,0
8824-RWFXJ,1,0,1,1,3,1,1,56.15,168.15,0,4,1,0,0,1,0,0,1,0,0,0,0,1,0,0,1,1,0,0,1,0,0,1,0,0,1,0,0,0,0,0,1,1,0,0,0
8717-VCTXJ,1,0,0,0,42,1,1,19.55,839.4,0,1,1,0,0,0,0,1,0,1,0,0,1,0,0,1,0,0,1,0,0,1,0,0,1,0,0,1,0,0,0,0,1,0,0,1,0
7363-QTBIW,0,0,1,0,9,1,1,79.75,769.1,0,3,1,0,0,0,1,0,1,0,0,1,0,0,1,0,0,1,0,0,1,0,0,0,0,1,1,0,0,0,0,1,0,1,0,0,0
4081-DYXAV,0,0,0,0,19,0,1,44.85,893.55,0,3,0,1,0,1,0,0,1,0,0,1,0,0,1,0,0,1,0,0,0,0,1,0,0,1,0,1,0,0,1,0,0,0,1,0,0
1641-RQDAY,0,1,1,1,32,1,1,100.4,3217.65,0,6,0,0,1,0,1,0,1,0,0,0,0,1,1,0,0,1,0,0,0,0,1,0,0,1,1,0,0,0,0,1,0,0,0,1,0
8399-YNDCH,1,1,0,0,21,1,1,60.05,1236.15,0,4,1,0,0,1,0,0,1,0,0,1,0,0,0,0,1,1,0,0,0,0,1,1,0,0,1,0,0,1,0,0,0,0,1,0,0
4660-IRIBM,1,0,1,1,18,1,1,87.9,1500.5,1,5,1,0,0,0,1,0,0,0,1,1,0,0,0,0,1,1,0,0,0,0,1,1,0,0,1,0,0,0,0,0,1,0,1,0,0
7670-ZBPOQ,0,0,1,0,58,1,1,61.05,3478.75,1,5,0,0,1,1,0,0,0,0,1,1,0,0,1,0,0,0,0,1,1,0,0,1,0,0,0,1,0,1,0,0,0,0,0,0,1
8944-AILEF,1,0,1,0,15,1,1,19.45,340.85,0,1,1,0,0,0,0,1,0,1,0,0,1,0,0,1,0,0,1,0,0,1,0,0,1,0,1,0,0,0,1,0,0,0,1,0,0
5542-NKVRU,0,0,0,0,42,1,1,20.75,844.45,0,1,1,0,0,0,0,1,0,1,0,0,1,0,0,1,0,0,1,0,0,1,0,0,1,0,0,0,1,1,0,0,0,0,0,1,0
9824-BEMCV,1,0,1,1,17,1,1,69.0,1149.65,0,2,1,0,0,0,1,0,1,0,0,1,0,0,1,0,0,1,0,0,1,0,0,1,0,0,1,0,0,0,0,1,0,0,1,0,0
3055-MJDSB,1,0,0,0,9,0,1,24.6,190.1,0,1,0,1,0,1,0,0,1,0,0,1,0,0,1,0,0,1,0,0,1,0,0,1,0,0,1,0,0,0,0,0,1,1,0,0,0
3165-HDOEW,1,0,1,1,1,1,1,45.85,45.85,0,2,1,0,0,1,0,0,1,0,0,1,0,0,1,0,0,1,0,0,1,0,0,1,0,0,1,0,0,0,0,0,1,1,0,0,0
9068-VPWQQ,1,0,1,0,61,1,0,75.35,4729.3,1,7,0,0,1,1,0,0,0,0,1,1,0,0,0,0,1,0,0,1,1,0,0,0,0,1,0,0,1,0,1,0,0,0,0,0,1
0319-QZTCO,0,0,1,1,3,1,1,58.7,168.6,0,4,1,0,0,1,0,0,1,0,0,0,0,1,1,0,0,1,0,0,0,0,1,1,0,0,1,0,0,0,1,0,0,1,0,0,0
2833-SLKDQ,1,0,0,0,1,1,0,45.05,45.05,0,2,1,0,0,1,0,0,1,0,0,1,0,0,1,0,0,1,0,0,1,0,0,1,0,0,1,0,0,0,0,0,1,1,0,0,0
4730-AWNAU,1,0,1,1,36,0,0,60.7,2234.55,1,6,0,1,0,1,0,0,0,0,1,1,0,0,0,0,1,0,0,1,0,0,1,0,0,1,0,1,0,0,1,0,0,0,0,1,0
3230-IUALN,0,0,1,1,45,1,1,81.0,3533.6,1,7,1,0,0,1,0,0,0,0,1,1,0,0,0,0,1,0,0,1,0,0,1,0,0,1,0,0,1,0,0,0,1,0,0,1,0
7206-GZCDC,0,1,0,0,1,1,1,69.25,69.25,0,2,1,0,0,0,1,0,1,0,0,1,0,0,1,0,0,1,0,0,1,0,0,1,0,0,1,0,0,0,0,1,0,1,0,0,0
1768-ZAIFU,0,1,0,0,1,0,1,25.2,25.2,0,1,0,1,0,1,0,0,1,0,0,1,0,0,1,0,0,1,0,0,1,0,0,1,0,0,1,0,0,0,0,1,0,1,0,0,0
4671-LXRDQ,1,0,0,0,2,1,1,45.0,96.45,0,2,1,0,0,1,0,0,1,0,0,1,0,0,1,0,0,1,0,0,1,0,0,1,0,0,1,0,0,0,0,0,1,1,0,0,0
4102-HLENU,0,0,1,0,67,1,0,65.65,4322.85,1,6,0,0,1,1,0,0,0,0,1,0,0,1,0,0,1,1,0,0,1,0,0,1,0,0,0,0,1,0,0,0,1,0,0,0,1
9272-LSVYH,1,0,0,0,10,1,0,70.15,735.5,0,2,1,0,0,0,1,0,1,0,0,1,0,0,1,0,0,1,0,0,1,0,0,1,0,0,1,0,0,0,0,0,1,1,0,0,0
2568-BRGYX,1,0,0,0,4,1,1,70.2,237.95,0,2,1,0,0,0,1,0,1,0,0,1,0,0,1,0,0,1,0,0,1,0,0,1,0,0,1,0,0,0,0,1,0,1,0,0,0
5478-JJVZK,0,0,0,0,33,1,1,60.9,2033.85,1,5,0,0,1,1,0,0,0,0,1,0,0,1,1,0,0,1,0,0,1,0,0,1,0,0,1,0,0,0,0,0,1,0,0,1,0
9793-WECQC,1,0,0,0,23,1,0,95.3,2192.9,0,5,1,0,0,0,1,0,1,0,0,0,0,1,1,0,0,1,0,0,0,0,1,0,0,1,1,0,0,0,0,0,1,0,1,0,0
4704-ERYFC,0,0,1,0,22,1,1,69.25,1554.0,0,2,1,0,0,0,1,0,1,0,0,1,0,0,1,0,0,1,0,0,1,0,0,1,0,0,1,0,0,0,0,1,0,0,1,0,0
8039-ACLPL,0,0,1,1,72,1,0,68.75,4888.2,1,6,1,0,0,1,0,0,0,0,1,0,0,1,0,0,1,1,0,0,1,0,0,0,0,1,0,0,1,0,1,0,0,0,0,0,1
5651-WYIPH,0,1,0,0,18,1,1,49.85,865.75,0,3,1,0,0,1,0,0,1,0,0,0,0,1,1,0,0,1,0,0,1,0,0,1,0,0,1,0,0,0,1,0,0,0,1,0,0
5357-TZHPP,1,1,0,0,9,1,1,84.4,732.5,0,4,0,0,1,0,1,0,1,0,0,1,0,0,1,0,0,1,0,0,1,0,0,0,0,1,1,0,0,0,1,0,0,1,0,0,0
8752-GHJFU,1,1,1,0,71,1,1,92.0,6585.2,1,7,0,0,1,0,1,0,0,0,1,0,0,1,0,0,1,0,0,1,1,0,0,1,0,0,0,1,0,0,0,1,0,0,0,0,1
6896-SRVYQ,1,1,0,0,44,1,0,73.85,3122.4,0,3,1,0,0,0,1,0,1,0,0,1,0,0,0,0,1,1,0,0,1,0,0,1,0,0,1,0,0,0,0,1,0,0,0,1,0
4652-ODEVH,1,0,1,1,45,1,0,24.45,1088.25,0,2,0,0,1,0,0,1,0,1,0,0,1,0,0,1,0,0,1,0,0,1,0,0,1,0,0,0,1,0,0,0,1,0,0,1,0
3253-HKOKL,0,0,1,1,52,1,0,100.3,5244.45,1,6,1,0,0,0,1,0,0,0,1,1,0,0,0,0,1,1,0,0,0,0,1,0,0,1,0,1,0,0,0,1,0,0,0,0,1
1735-XMJVH,1,0,1,1,8,1,1,19.35,152.6,0,1,1,0,0,0,0,1,0,1,0,0,1,0,0,1,0,0,1,0,0,1,0,0,1,0,1,0,0,0,0,0,1,1,0,0,0
6362-QHAFM,1,0,1,0,42,1,1,108.3,4586.15,1,7,0,0,1,0,1,0,1,0,0,1,0,0,0,0,1,0,0,1,0,0,1,0,0,1,0,1,0,0,0,1,0,0,0,1,0
8205-MQUGY,1,0,1,1,12,1,1,49.2,571.15,1,3,1,0,0,1,0,0,0,0,1,1,0,0,1,0,0,1,0,0,1,0,0,1,0,0,1,0,0,0,0,1,0,1,0,0,0
9480-BQJEI,1,0,0,0,62,1,1,92.3,5731.45,1,6,0,0,1,0,1,0,0,0,1,0,0,1,1,0,0,1,0,0,1,0,0,0,0,1,0,1,0,1,0,0,0,0,0,0,1
1921-KYSAY,0,0,0,0,41,1,1,68.6,2877.05,1,6,0,0,1,1,0,0,1,0,0,1,0,0,0,0,1,0,0,1,1,0,0,0,0,1,0,1,0,0,0,1,0,0,0,1,0
5766-XQXMQ,0,0,0,0,29,1,1,68.85,1970.5,1,6,1,0,0,1,0,0,0,0,1,0,0,1,0,0,1,1,0,0,1,0,0,0,0,1,1,0,0,1,0,0,0,0,0,1,0
1656-DRSMG,0,0,0,0,63,1,1,109.85,7002.95,1,8,0,0,1,0,1,0,1,0,0,0,0,1,0,0,1,0,0,1,0,0,1,0,0,1,1,0,0,0,1,0,0,0,0,0,1
2886-KEFUM,0,0,1,0,63,1,1,107.5,6873.75,0,7,0,0,1,0,1,0,1,0,0,0,0,1,0,0,1,1,0,0,0,0,1,0,0,1,0,1,0,0,0,1,0,0,0,0,1
7776-QGYJC,0,0,1,1,39,1,1,81.5,3107.3,1,4,1,0,0,0,1,0,1,0,0,1,0,0,0,0,1,0,0,1,1,0,0,1,0,0,1,0,0,1,0,0,0,0,0,1,0
8259-NFJTV,0,0,1,1,7,0,0,34.65,246.6,1,3,0,1,0,1,0,0,0,0,1,1,0,0,1,0,0,0,0,1,1,0,0,1,0,0,1,0,0,0,0,0,1,1,0,0,0
5939-SXWHM,1,0,1,1,48,1,0,26.3,1245.05,0,2,0,0,1,0,0,1,0,1,0,0,1,0,0,1,0,0,1,0,0,1,0,0,1,0,0,0,1,1,0,0,0,0,0,1,0
6485-QXWWE,0,0,0,1,62,1,0,26.0,1638.7,0,2,0,0,1,0,0,1,0,1,0,0,1,0,0,1,0,0,1,0,0,1,0,0,1,0,0,0,1,1,0,0,0,0,0,0,1
5930-GBIWP,1,0,0,0,69,1,1,81.5,5553.25,1,8,0,0,1,1,0,0,0,0,1,0,0,1,0,0,1,0,0,1,1,0,0,0,0,1,0,0,1,0,1,0,0,0,0,0,1
9504-DSHWM,1,0,0,0,20,1,0,59.2,1191.2,1,5,0,0,1,1,0,0,0,0,1,1,0,0,1,0,0,0,0,1,1,0,0,1,0,0,1,0,0,1,0,0,0,0,1,0,0
4999-IEZLT,1,0,0,0,66,0,0,29.45,1983.15,1,2,0,1,0,1,0,0,1,0,0,1,0,0,1,0,0,0,0,1,1,0,0,1,0,0,0,1,0,0,1,0,0,0,0,0,1
5980-BDHPY,1,0,1,0,72,1,1,87.1,6230.1,1,9,0,0,1,1,0,0,0,0,1,0,0,1,0,0,1,0,0,1,0,0,1,0,0,1,0,0,1,1,0,0,0,0,0,0,1
1498-DQNRX,0,0,1,0,29,1,0,19.85,573.05,0,1,1,0,0,0,0,1,0,1,0,0,1,0,0,1,0,0,1,0,0,1,0,0,1,0,1,0,0,0,0,0,1,0,0,1,0
1228-FZFRV,1,0,1,1,50,1,0,105.95,5341.8,1,7,0,0,1,0,1,0,0,0,1,1,0,0,0,0,1,1,0,0,0,0,1,0,0,1,1,0,0,0,1,0,0,0,0,0,1
1219-NNDDO,0,0,0,0,9,1,1,76.85,663.55,0,3,0,0,1,0,1,0,1,0,0,1,0,0,1,0,0,1,0,0,1,0,0,1,0,0,1,0,0,0,0,1,0,1,0,0,0
4403-BWPAY,1,0,0,0,14,1,1,24.8,321.7,0,2,0,0,1,0,0,1,0,1,0,0,1,0,0,1,0,0,1,0,0,1,0,0,1,0,0,1,0,0,1,0,0,0,1,0,0
5047-LHVLY,1,1,0,1,1,1,1,50.15,50.15,0,3,1,0,0,1,0,0,1,0,0,1,0,0,0,0,1,1,0,0,1,0,0,1,0,0,1,0,0,0,0,0,1,1,0,0,0
4422-QVIJA,0,0,0,1,35,1,0,50.15,1655.35,0,3,0,0,1,1,0,0,1,0,0,1,0,0,1,0,0,1,0,0,1,0,0,1,0,0,1,0,0,0,0,0,1,0,0,1,0
0274-JKUJR,1,0,1,1,7,0,0,58.85,465.7,1,6,0,1,0,1,0,0,0,0,1,0,0,1,0,0,1,1,0,0,0,0,1,0,0,1,1,0,0,0,0,0,1,1,0,0,0
6097-EQISJ,0,0,1,1,66,1,1,102.45,6615.15,0,7,0,0,1,0,1,0,1,0,0,0,0,1,0,0,1,1,0,0,0,0,1,0,0,1,0,1,0,0,1,0,0,0,0,0,1
8158-WPEZG,1,0,0,0,11,0,1,35.65,425.1,1,3,0,1,0,1,0,0,1,0,0,0,0,1,1,0,0,0,0,1,1,0,0,1,0,0,1,0,0,0,0,1,0,1,0,0,0
7279-NMVJC,0,0,0,0,17,1,0,19.9,323.15,0,1,1,0,0,0,0,1,0,1,0,0,1,0,0,1,0,0,1,0,0,1,0,0,1,0,0,1,0,1,0,0,0,0,1,0,0
4116-TZAQJ,0,0,0,0,9,1,1,74.25,639.65,1,3,1,0,0,0,1,0,0,0,1,1,0,0,1,0,0,1,0,0,1,0,0,1,0,0,1,0,0,0,1,0,0,1,0,0,0
3877-JRJIP,1,0,0,0,1,1,1,59.85,59.85,0,4,0,0,1,1,0,0,1,0,0,1,0,0,1,0,0,1,0,0,0,0,1,1,0,0,1,0,0,0,0,1,0,1,0,0,0
5848-FHRFC,0,0,0,0,68,1,0,20.05,1386.9,0,1,1,0,0,0,0,1,0,1,0,0,1,0,0,1,0,0,1,0,0,1,0,0,1,0,0,0,1,1,0,0,0,0,0,0,1
2511-MORQY,1,0,1,1,50,1,0,54.9,2614.1,0,4,0,0,1,1,0,0,1,0,0,1,0,0,0,0,1,1,0,0,1,0,0,1,0,0,0,1,0,1,0,0,0,0,0,0,1
2155-AMQRX,0,0,0,0,28,1,1,54.9,1505.15,1,4,0,0,1,1,0,0,1,0,0,1,0,0,1,0,0,0,0,1,1,0,0,1,0,0,1,0,0,0,1,0,0,0,0,1,0
1568-LJSZU,1,0,1,1,68,1,1,92.2,6392.85,1,9,0,0,1,1,0,0,0,0,1,0,0,1,0,0,1,0,0,1,0,0,1,0,0,1,0,0,1,0,1,0,0,0,0,0,1
6016-LVTJQ,0,0,1,1,34,1,0,20.65,716.4,0,1,1,0,0,0,0,1,0,1,0,0,1,0,0,1,0,0,1,0,0,1,0,0,1,0,1,0,0,0,0,0,1,0,0,1,0
6701-DHKWQ,0,0,1,1,61,0,0,51.35,3244.4,1,5,0,1,0,1,0,0,1,0,0,0,0,1,0,0,1,0,0,1,0,0,1,1,0,0,0,0,1,0,1,0,0,0,0,0,1
3402-XRIUO,0,1,1,0,22,1,1,63.55,1381.8,1,6,0,0,1,1,0,0,0,0,1,0,0,1,1,0,0,0,0,1,1,0,0,1,0,0,1,0,0,0,0,0,1,0,1,0,0
8080-DDEMJ,1,1,0,0,1,1,0,45.1,45.1,0,2,1,0,0,1,0,0,1,0,0,1,0,0,1,0,0,1,0,0,1,0,0,1,0,0,1,0,0,0,0,1,0,1,0,0,0
6959-GQEGV,1,0,0,0,45,1,1,75.95,3273.8,1,6,1,0,0,1,0,0,0,0,1,1,0,0,0,0,1,1,0,0,0,0,1,0,0,1,1,0,0,0,0,1,0,0,0,1,0
7190-XHTWJ,0,0,0,0,38,1,0,19.3,755.5,0,1,1,0,0,0,0,1,0,1,0,0,1,0,0,1,0,0,1,0,0,1,0,0,1,0,0,1,0,0,0,0,1,0,0,1,0
7517-SAWMO,0,0,1,0,19,1,1,73.2,1441.1,1,3,1,0,0,0,1,0,0,0,1,1,0,0,1,0,0,1,0,0,1,0,0,1,0,0,1,0,0,0,0,1,0,0,1,0,0
3961-SXAXY,1,0,0,0,1,1,1,44.05,44.05,0,2,1,0,0,1,0,0,1,0,0,1,0,0,1,0,0,1,0,0,1,0,0,1,0,0,1,0,0,1,0,0,0,1,0,0,0
7010-BRBUU,1,0,1,1,72,1,0,24.1,1734.65,0,2,0,0,1,0,0,1,0,1,0,0,1,0,0,1,0,0,1,0,0,1,0,0,1,0,0,0,1,0,1,0,0,0,0,0,1
3466-WAESX,1,0,0,1,16,1,1,69.1,1083.7,1,6,0,0,1,1,0,0,0,0,1,0,0,1,1,0,0,1,0,0,1,0,0,0,0,1,1,0,0,0,0,1,0,0,1,0,0
6637-KYRCV,0,0,1,1,5,0,1,30.5,167.2,0,2,0,1,0,1,0,0,1,0,0,0,0,1,1,0,0,1,0,0,1,0,0,1,0,0,1,0,0,0,0,1,0,1,0,0,0
4720-VSTSI,0,0,0,0,44,1,1,84.8,3862.55,0,5,0,0,1,0,1,0,1,0,0,0,0,1,0,0,1,1,0,0,1,0,0,1,0,0,1,0,0,1,0,0,0,0,0,1,0
5882-CMAZQ,0,0,1,1,5,0,0,34.25,163.55,1,3,0,1,0,1,0,0,1,0,0,0,0,1,1,0,0,0,0,1,1,0,0,1,0,0,1,0,0,0,0,1,0,1,0,0,0
5846-QFDFI,0,0,1,1,33,1,0,88.6,2888.7,1,6,0,0,1,0,1,0,1,0,0,0,0,1,0,0,1,0,0,1,1,0,0,1,0,0,1,0,0,0,1,0,0,0,0,1,0
1960-UYCNN,1,0,0,0,10,1,1,95.25,1021.55,0,6,0,0,1,0,1,0,1,0,0,0,0,1,0,0,1,1,0,0,1,0,0,0,0,1,1,0,0,0,0,1,0,1,0,0,0
3977-QCRSL,0,0,0,0,5,1,0,20.15,117.95,0,1,1,0,0,0,0,1,0,1,0,0,1,0,0,1,0,0,1,0,0,1,0,0,1,0,1,0,0,0,0,0,1,1,0,0,0
8086-OVPWV,1,0,0,0,2,1,1,80.2,181.1,0,3,1,0,0,0,1,0,1,0,0,1,0,0,1,0,0,1,0,0,1,0,0,0,0,1,1,0,0,0,0,1,0,1,0,0,0
1087-GRUYI,1,0,1,0,38,1,0,20.4,743.5,0,1,1,0,0,0,0,1,0,1,0,0,1,0,0,1,0,0,1,0,0,1,0,0,1,0,0,0,1,1,0,0,0,0,0,1,0
1488-PBLJN,0,0,1,1,72,1,1,116.85,8477.7,1,9,0,0,1,0,1,0,0,0,1,0,0,1,0,0,1,0,0,1,0,0,1,0,0,1,0,0,1,1,0,0,0,0,0,0,1
3778-FOAQW,0,0,1,0,24,1,0,20.15,456.85,0,1,1,0,0,0,0,1,0,1,0,0,1,0,0,1,0,0,1,0,0,1,0,0,1,0,0,1,0,0,0,0,1,0,1,0,0
3753-TSEMP,0,0,1,0,15,1,0,88.15,1390.6,0,4,1,0,0,0,1,0,1,0,0,1,0,0,1,0,0,1,0,0,0,0,1,0,0,1,1,0,0,0,0,1,0,0,1,0,0
9172-JITSM,0,0,1,1,26,1,1,90.8,2361.8,0,4,1,0,0,0,1,0,1,0,0,1,0,0,1,0,0,1,0,0,0,0,1,0,0,1,1,0,0,0,0,1,0,0,0,1,0
0744-BIKKF,1,0,0,0,72,1,0,86.65,6224.8,1,9,0,0,1,1,0,0,0,0,1,0,0,1,0,0,1,0,0,1,0,0,1,0,0,1,0,0,1,1,0,0,0,0,0,0,1
4897-QSUYC,0,0,0,0,1,1,1,20.15,20.15,0,1,1,0,0,0,0,1,0,1,0,0,1,0,0,1,0,0,1,0,0,1,0,0,1,0,1,0,0,0,0,0,1,1,0,0,0
6784-XYJAE,0,0,0,0,36,1,0,55.8,1941.5,0,4,0,0,1,1,0,0,1,0,0,1,0,0,0,0,1,1,0,0,1,0,0,1,0,0,0,1,0,0,0,1,0,0,0,1,0
0761-AETCS,0,0,0,0,1,1,0,19.3,19.3,0,1,1,0,0,0,0,1,0,1,0,0,1,0,0,1,0,0,1,0,0,1,0,0,1,0,1,0,0,0,0,1,0,1,0,0,0
0925-VYDLG,0,0,0,0,3,1,0,75.25,242.0,0,3,0,0,1,0,1,0,1,0,0,1,0,0,1,0,0,1,0,0,1,0,0,1,0,0,1,0,0,0,0,1,0,1,0,0,0
8383-SGHJU,0,0,0,0,33,1,0,59.4,1952.8,1,5,0,0,1,1,0,0,0,0,1,1,0,0,1,0,0,0,0,1,1,0,0,1,0,0,0,1,0,0,0,1,0,0,0,1,0
7707-PYBBH,1,0,0,0,40,1,1,61.9,2647.1,1,5,1,0,0,1,0,0,0,0,1,0,0,1,1,0,0,0,0,1,1,0,0,1,0,0,1,0,0,0,0,0,1,0,0,1,0
8035-BUYVG,1,0,1,0,40,0,1,42.35,1716.45,1,4,0,1,0,1,0,0,0,0,1,0,0,1,0,0,1,1,0,0,1,0,0,1,0,0,0,1,0,0,0,1,0,0,0,1,0
9787-XVQIU,1,0,0,0,1,1,1,75.3,75.3,0,3,0,0,1,0,1,0,1,0,0,1,0,0,1,0,0,1,0,0,1,0,0,1,0,0,1,0,0,0,0,1,0,1,0,0,0
8220-OCUFY,0,0,0,0,21,1,1,60.25,1258.35,1,5,1,0,0,1,0,0,0,0,1,1,0,0,0,0,1,0,0,1,1,0,0,1,0,0,0,1,0,0,0,1,0,0,1,0,0
5003-XZWWO,1,0,1,0,71,1,0,84.2,5956.85,1,8,0,0,1,1,0,0,1,0,0,0,0,1,0,0,1,0,0,1,0,0,1,0,0,1,0,0,1,0,1,0,0,0,0,0,1
6131-IUNXN,0,0,1,1,19,1,0,20.2,382.2,0,1,1,0,0,0,0,1,0,1,0,0,1,0,0,1,0,0,1,0,0,1,0,0,1,0,1,0,0,0,0,0,1,0,1,0,0
0380-NEAVX,1,1,0,0,34,1,1,99.85,3343.15,0,6,1,0,0,0,1,0,1,0,0,0,0,1,0,0,1,1,0,0,0,0,1,0,0,1,0,1,0,0,0,1,0,0,0,1,0
7036-TYDEC,0,0,0,0,69,1,0,104.0,7028.5,1,7,0,0,1,0,1,0,1,0,0,1,0,0,0,0,1,0,0,1,0,0,1,0,0,1,0,0,1,0,0,1,0,0,0,0,1
8337-MSSXB,0,0,0,0,14,1,1,86.3,1180.95,0,4,1,0,0,0,1,0,1,0,0,0,0,1,1,0,0,1,0,0,1,0,0,0,0,1,1,0,0,0,0,1,0,0,1,0,0
5494-WOZRZ,0,0,1,1,71,1,1,82.0,5999.85,1,7,1,0,0,1,0,0,0,0,1,1,0,0,0,0,1,0,0,1,0,0,1,0,0,1,0,0,1,0,1,0,0,0,0,0,1
2212-LYASK,1,0,1,1,27,0,1,45.85,1246.4,0,4,0,1,0,1,0,0,1,0,0,0,0,1,0,0,1,1,0,0,1,0,0,0,0,1,0,1,0,0,1,0,0,0,0,1,0
9554-DFKIC,1,0,1,1,30,1,1,54.45,1588.7,1,4,0,0,1,1,0,0,0,0,1,1,0,0,1,0,0,1,0,0,1,0,0,1,0,0,1,0,0,1,0,0,0,0,0,1,0
4957-TIALW,0,0,0,1,15,1,0,65.6,1010.0,1,6,1,0,0,1,0,0,0,0,1,0,0,1,0,0,1,0,0,1,1,0,0,1,0,0,0,1,0,0,1,0,0,0,1,0,0
5334-AFQJB,1,1,0,0,72,1,1,25.1,1789.9,0,2,0,0,1,0,0,1,0,1,0,0,1,0,0,1,0,0,1,0,0,1,0,0,1,0,0,0,1,0,1,0,0,0,0,0,1
7488-MXJIV,0,0,0,0,4,1,1,85.65,321.65,0,4,0,0,1,0,1,0,1,0,0,1,0,0,1,0,0,1,0,0,0,0,1,1,0,0,1,0,0,0,0,1,0,1,0,0,0
5414-OFQCB,1,0,0,0,57,1,1,90.45,5229.8,1,5,0,0,1,0,1,0,1,0,0,1,0,0,1,0,0,0,0,1,0,0,1,1,0,0,0,0,1,0,1,0,0,0,0,0,1
7928-VJYAB,1,0,1,1,11,1,0,90.6,1020.2,0,4,1,0,0,0,1,0,1,0,0,1,0,0,1,0,0,1,0,0,0,0,1,0,0,1,1,0,0,0,0,1,0,1,0,0,0
3097-PYWXL,0,0,1,1,4,1,1,19.95,82.9,0,1,1,0,0,0,0,1,0,1,0,0,1,0,0,1,0,0,1,0,0,1,0,0,1,0,1,0,0,0,0,1,0,1,0,0,0
1104-FEJAM,1,0,1,1,28,1,0,64.4,1802.15,0,5,0,0,1,1,0,0,1,0,0,0,0,1,1,0,0,1,0,0,1,0,0,0,0,1,1,0,0,0,0,1,0,0,0,1,0
9548-ZMVTX,1,0,1,1,72,1,0,90.45,6565.85,1,6,0,0,1,0,1,0,1,0,0,0,0,1,0,0,1,0,0,1,1,0,0,1,0,0,0,0,1,1,0,0,0,0,0,0,1
3450-WXOAT,1,0,0,0,46,1,1,45.2,2065.15,0,2,1,0,0,1,0,0,1,0,0,1,0,0,1,0,0,1,0,0,1,0,0,1,0,0,1,0,0,0,1,0,0,0,0,1,0
5103-MHMHY,0,0,0,1,1,1,0,45.95,45.95,0,2,1,0,0,1,0,0,1,0,0,1,0,0,1,0,0,1,0,0,1,0,0,1,0,0,1,0,0,0,0,0,1,1,0,0,0
6734-GMPVK,1,0,0,0,5,1,0,105.3,550.6,0,7,0,0,1,0,1,0,1,0,0,0,0,1,0,0,1,1,0,0,0,0,1,0,0,1,1,0,0,0,0,1,0,1,0,0,0
7021-XSNYE,1,0,1,1,7,0,0,49.65,305.55,1,5,0,1,0,1,0,0,0,0,1,1,0,0,0,0,1,0,0,1,1,0,0,0,0,1,0,0,1,0,1,0,0,1,0,0,0
3694-DELSO,1,0,1,1,4,0,0,38.55,156.1,1,3,0,1,0,1,0,0,0,0,1,1,0,0,1,0,0,1,0,0,0,0,1,1,0,0,1,0,0,0,1,0,0,1,0,0,0
1821-BUCWY,1,0,0,0,30,1,1,55.65,1653.85,1,4,1,0,0,1,0,0,0,0,1,1,0,0,0,0,1,1,0,0,1,0,0,1,0,0,0,0,1,0,0,0,1,0,0,1,0
0023-UYUPN,0,1,1,0,50,1,0,25.2,1306.3,0,2,0,0,1,0,0,1,0,1,0,0,1,0,0,1,0,0,1,0,0,1,0,0,1,0,0,1,0,0,0,1,0,0,0,0,1
0567-GGCAC,0,0,0,0,7,1,0,61.4,438.9,1,5,1,0,0,1,0,0,0,0,1,0,0,1,0,0,1,1,0,0,1,0,0,1,0,0,1,0,0,0,0,1,0,1,0,0,0
8884-MRNSU,1,0,1,1,17,1,0,19.9,329.75,0,1,1,0,0,0,0,1,0,1,0,0,1,0,0,1,0,0,1,0,0,1,0,0,1,0,0,1,0,1,0,0,0,0,1,0,0
5968-HYJRZ,1,0,1,1,47,1,0,24.55,1160.45,0,2,0,0,1,0,0,1,0,1,0,0,1,0,0,1,0,0,1,0,0,1,0,0,1,0,0,0,1,0,0,0,1,0,0,1,0
1740-CSDJP,1,0,0,0,1,0,1,35.25,35.25,0,2,0,1,0,1,0,0,1,0,0,1,0,0,1,0,0,1,0,0,1,0,0,0,0,1,1,0,0,1,0,0,0,1,0,0,0
9135-MGVPY,1,0,1,0,69,1,1,84.7,5878.9,1,8,1,0,0,1,0,0,0,0,1,0,0,1,0,0,1,0,0,1,0,0,1,0,0,1,0,0,1,0,0,0,1,0,0,0,1
1212-GLHMD,1,0,0,0,3,1,1,86.05,244.85,1,4,1,0,0,0,1,0,0,0,1,1,0,0,1,0,0,1,0,0,1,0,0,0,0,1,1,0,0,0,0,0,1,1,0,0,0
6620-HVDUJ,1,0,0,0,24,1,0,60.45,1440.75,1,5,1,0,0,1,0,0,0,0,1,0,0,1,1,0,0,0,0,1,1,0,0,1,0,0,1,0,0,1,0,0,0,0,1,0,0
7641-TQFHN,1,0,0,1,39,1,0,100.55,3895.35,1,6,0,0,1,0,1,0,1,0,0,1,0,0,1,0,0,0,0,1,0,0,1,0,0,1,0,0,1,0,0,0,1,0,0,1,0
9067-SQTNS,1,0,1,1,44,1,0,20.6,926.0,0,1,1,0,0,0,0,1,0,1,0,0,1,0,0,1,0,0,1,0,0,1,0,0,1,0,0,1,0,1,0,0,0,0,0,1,0
9405-GPBBG,0,0,0,0,64,1,1,110.5,7069.25,1,8,0,0,1,0,1,0,1,0,0,0,0,1,0,0,1,0,0,1,0,0,1,0,0,1,0,0,1,0,1,0,0,0,0,0,1
5788-YPOEG,0,0,1,1,34,1,0,84.75,2839.45,1,8,1,0,0,1,0,0,0,0,1,0,0,1,0,0,1,0,0,1,0,0,1,0,0,1,0,0,1,0,0,0,1,0,0,1,0
9825-YCXWZ,0,1,0,0,41,1,1,101.1,4016.2,1,6,1,0,0,0,1,0,1,0,0,1,0,0,0,0,1,0,0,1,0,0,1,0,0,1,0,1,0,1,0,0,0,0,0,1,0
8565-HBFNN,1,0,1,0,69,1,1,107.2,7317.1,1,8,0,0,1,0,1,0,0,0,1,0,0,1,0,0,1,0,0,1,1,0,0,0,0,1,0,1,0,0,1,0,0,0,0,0,1
5380-XPJNZ,0,0,0,0,38,1,0,20.05,678.2,0,1,1,0,0,0,0,1,0,1,0,0,1,0,0,1,0,0,1,0,0,1,0,0,1,0,0,1,0,0,0,0,1,0,0,1,0
8178-EYZUO,1,0,0,0,46,1,1,93.7,4154.8,1,6,0,0,1,0,1,0,0,0,1,0,0,1,1,0,0,1,0,0,1,0,0,0,0,1,1,0,0,0,0,1,0,0,0,1,0
3269-ATYWD,1,1,0,0,39,1,1,95.65,3759.05,0,5,0,0,1,0,1,0,1,0,0,1,0,0,1,0,0,1,0,0,0,0,1,0,0,1,1,0,0,1,0,0,0,0,0,1,0
1074-AMIOH,0,0,1,1,53,1,1,108.25,5935.1,1,7,1,0,0,0,1,0,1,0,0,0,0,1,0,0,1,0,0,1,0,0,1,0,0,1,1,0,0,1,0,0,0,0,0,0,1
0380-ZCSBI,1,0,0,0,10,1,0,20.0,198.7,0,1,1,0,0,0,0,1,0,1,0,0,1,0,0,1,0,0,1,0,0,1,0,0,1,0,1,0,0,0,1,0,0,1,0,0,0
2792-LSHWX,0,0,0,0,1,1,1,83.4,83.4,1,5,1,0,0,0,1,0,0,0,1,0,0,1,1,0,0,0,0,1,1,0,0,1,0,0,1,0,0,0,0,0,1,1,0,0,0
0014-BMAQU,1,0,1,0,63,1,1,84.65,5377.8,1,5,0,0,1,0,1,0,0,0,1,1,0,0,1,0,0,0,0,1,1,0,0,1,0,0,0,0,1,0,1,0,0,0,0,0,1
8250-ZNGGW,0,1,0,0,5,1,0,59.9,287.85,1,5,1,0,0,1,0,0,0,0,1,0,0,1,1,0,0,0,0,1,1,0,0,1,0,0,1,0,0,0,1,0,0,1,0,0,0
3550-SAHFP,0,0,0,0,33,1,1,83.35,2757.85,0,4,0,0,1,0,1,0,1,0,0,1,0,0,1,0,0,1,0,0,1,0,0,0,0,1,1,0,0,0,0,1,0,0,0,1,0
4873-ILOLJ,1,0,0,0,24,1,1,90.35,2238.5,0,4,1,0,0,0,1,0,1,0,0,1,0,0,1,0,0,1,0,0,0,0,1,0,0,1,1,0,0,0,0,1,0,0,1,0,0
9508-ILZDG,0,1,0,0,34,1,1,96.35,3190.25,1,6,0,0,1,0,1,0,1,0,0,0,0,1,1,0,0,0,0,1,0,0,1,1,0,0,1,0,0,0,0,1,0,0,0,1,0
7598-UAASY,1,0,1,0,2,1,0,76.4,151.8,0,3,1,0,0,0,1,0,1,0,0,1,0,0,0,0,1,1,0,0,1,0,0,1,0,0,1,0,0,0,0,1,0,1,0,0,0
1866-ZSLJM,1,0,0,0,21,1,0,20.5,402.85,0,1,1,0,0,0,0,1,0,1,0,0,1,0,0,1,0,0,1,0,0,1,0,0,1,0,1,0,0,0,1,0,0,0,1,0,0
4455-BFSPD,0,0,1,0,61,1,0,101.15,6383.9,1,6,0,0,1,0,1,0,1,0,0,1,0,0,1,0,0,0,0,1,0,0,1,0,0,1,0,1,0,1,0,0,0,0,0,0,1
0415-MOSGF,0,0,0,0,1,1,0,44.4,44.4,0,2,1,0,0,1,0,0,1,0,0,1,0,0,1,0,0,1,0,0,1,0,0,1,0,0,1,0,0,0,0,0,1,1,0,0,0
3948-KXDUF,1,0,0,0,66,1,0,68.75,4447.55,1,7,0,0,1,1,0,0,0,0,1,0,0,1,0,0,1,0,0,1,1,0,0,1,0,0,0,0,1,1,0,0,0,0,0,0,1
0815-MFZGM,0,0,1,0,42,1,1,99.0,4135.0,1,6,1,0,0,0,1,0,1,0,0,1,0,0,0,0,1,0,0,1,0,0,1,0,0,1,0,0,1,0,1,0,0,0,0,1,0
9534-NSXEM,1,0,0,0,26,1,1,20.65,595.5,0,1,1,0,0,0,0,1,0,1,0,0,1,0,0,1,0,0,1,0,0,1,0,0,1,0,0,1,0,0,1,0,0,0,0,1,0
6366-XIVKZ,0,0,1,1,13,1,1,63.15,816.8,1,5,1,0,0,1,0,0,0,0,1,1,0,0,0,0,1,1,0,0,1,0,0,0,0,1,1,0,0,0,0,0,1,0,1,0,0
2790-XUYMV,1,0,0,1,71,1,1,85.45,6028.95,1,5,0,0,1,0,1,0,0,0,1,0,0,1,1,0,0,1,0,0,1,0,0,1,0,0,0,1,0,0,1,0,0,0,0,0,1
9163-GHAYE,0,0,0,0,15,1,0,48.85,736.8,0,3,1,0,0,1,0,0,1,0,0,0,0,1,1,0,0,1,0,0,1,0,0,1,0,0,1,0,0,0,0,1,0,0,1,0,0
5353-WILCI,0,0,0,0,28,1,0,56.05,1522.65,1,4,1,0,0,1,0,0,0,0,1,0,0,1,1,0,0,1,0,0,1,0,0,1,0,0,1,0,0,0,0,1,0,0,0,1,0
0709-TVGUR,0,1,0,0,9,1,1,74.55,622.9,0,3,0,0,1,0,1,0,1,0,0,1,0,0,1,0,0,1,0,0,1,0,0,1,0,0,1,0,0,0,0,1,0,1,0,0,0
6023-YEBUP,1,0,0,0,3,1,1,100.95,329.95,0,6,0,0,1,0,1,0,1,0,0,1,0,0,0,0,1,1,0,0,0,0,1,0,0,1,1,0,0,0,0,1,0,1,0,0,0
6158-DWPZT,1,0,1,0,9,0,0,24.1,259.8,0,1,0,1,0,1,0,0,1,0,0,1,0,0,1,0,0,1,0,0,1,0,0,1,0,0,0,1,0,1,0,0,0,1,0,0,0
1015-JPFYW,1,0,0,1,7,1,0,19.45,136.75,0,1,1,0,0,0,0,1,0,1,0,0,1,0,0,1,0,0,1,0,0,1,0,0,1,0,0,1,0,0,0,0,1,1,0,0,0
6645-MXQJT,1,0,1,1,2,1,0,97.1,184.15,1,5,1,0,0,0,1,0,0,0,1,1,0,0,1,0,0,1,0,0,0,0,1,0,0,1,1,0,0,0,0,1,0,1,0,0,0
4360-QRAVE,1,1,0,0,37,0,0,36.65,1315.0,0,3,0,1,0,1,0,0,1,0,0,0,0,1,0,0,1,1,0,0,1,0,0,1,0,0,1,0,0,0,0,1,0,0,0,1,0
5804-JMYIO,0,0,1,1,39,1,0,19.75,757.95,0,1,1,0,0,0,0,1,0,1,0,0,1,0,0,1,0,0,1,0,0,1,0,0,1,0,0,0,1,0,0,0,1,0,0,1,0
3638-DIMPH,0,0,1,0,13,1,0,43.8,592.65,0,2,1,0,0,1,0,0,1,0,0,1,0,0,1,0,0,1,0,0,1,0,0,1,0,0,0,1,0,0,0,1,0,0,1,0,0
9743-DQKQW,1,0,0,0,3,0,0,25.1,79.8,0,1,0,1,0,1,0,0,1,0,0,1,0,0,1,0,0,1,0,0,1,0,0,1,0,0,1,0,0,0,0,1,0,1,0,0,0
1215-VFYVK,0,0,0,0,4,0,0,48.25,202.25,1,5,0,1,0,1,0,0,0,0,1,1,0,0,0,0,1,0,0,1,1,0,0,0,0,1,1,0,0,0,0,0,1,1,0,0,0
7508-KBIMB,1,0,1,1,24,1,1,56.25,1454.25,1,4,1,0,0,1,0,0,0,0,1,1,0,0,0,0,1,1,0,0,1,0,0,1,0,0,0,1,0,0,1,0,0,0,1,0,0
6838-HVLXG,0,0,0,0,12,1,0,20.3,246.7,0,1,1,0,0,0,0,1,0,1,0,0,1,0,0,1,0,0,1,0,0,1,0,0,1,0,1,0,0,0,0,0,1,1,0,0,0
6963-EZQEE,1,1,1,0,70,1,1,88.55,6306.5,1,9,0,0,1,1,0,0,0,0,1,0,0,1,0,0,1,0,0,1,0,0,1,0,0,1,0,0,1,0,1,0,0,0,0,0,1
5226-NOZFC,1,0,0,0,26,1,1,85.75,2146.5,0,4,1,0,0,0,1,0,1,0,0,0,0,1,1,0,0,1,0,0,0,0,1,1,0,0,1,0,0,0,0,1,0,0,0,1,0
0310-MVLET,0,0,1,1,61,1,1,99.15,6010.05,0,6,0,0,1,0,1,0,1,0,0,0,0,1,1,0,0,1,0,0,0,0,1,0,0,1,1,0,0,0,0,1,0,0,0,0,1
0495-RVCBF,0,0,0,0,1,1,1,79.7,79.7,0,3,1,0,0,0,1,0,1,0,0,1,0,0,1,0,0,1,0,0,1,0,0,0,0,1,1,0,0,0,0,1,0,1,0,0,0
6203-HBZPA,1,0,0,0,52,0,0,63.9,3334.95,1,7,0,1,0,1,0,0,0,0,1,0,0,1,0,0,1,0,0,1,0,0,1,0,0,1,0,0,1,0,1,0,0,0,0,0,1
9453-PATOS,0,0,1,0,72,1,0,85.1,6155.4,1,8,1,0,0,1,0,0,0,0,1,0,0,1,0,0,1,0,0,1,0,0,1,0,0,1,0,0,1,0,0,0,1,0,0,0,1
7740-BTPUX,1,1,1,0,55,1,1,113.6,6292.7,1,8,0,0,1,0,1,0,1,0,0,0,0,1,0,0,1,0,0,1,0,0,1,0,0,1,0,0,1,0,0,1,0,0,0,0,1
0208-BPQEJ,0,0,1,1,12,1,0,19.4,198.1,0,1,1,0,0,0,0,1,0,1,0,0,1,0,0,1,0,0,1,0,0,1,0,0,1,0,1,0,0,1,0,0,0,1,0,0,0
3987-KQDDU,1,0,0,0,9,1,0,75.6,661.55,1,3,1,0,0,0,1,0,0,0,1,1,0,0,1,0,0,1,0,0,1,0,0,1,0,0,1,0,0,0,0,1,0,1,0,0,0
5649-RXQTV,1,0,0,0,51,1,1,99.0,5038.15,0,6,1,0,0,0,1,0,1,0,0,0,0,1,0,0,1,1,0,0,0,0,1,0,0,1,1,0,0,0,0,1,0,0,0,0,1
6898-MDLZW,1,0,0,0,12,1,1,53.75,648.65,1,4,1,0,0,1,0,0,1,0,0,0,0,1,1,0,0,0,0,1,1,0,0,1,0,0,1,0,0,0,0,0,1,1,0,0,0
2815-CPTUL,1,1,0,0,5,1,1,70.25,331.9,0,2,1,0,0,0,1,0,1,0,0,1,0,0,1,0,0,1,0,0,1,0,0,1,0,0,1,0,0,0,0,0,1,1,0,0,0
3043-TYBNO,1,0,0,0,3,1,0,60.65,196.9,1,4,1,0,0,1,0,0,1,0,0,1,0,0,1,0,0,0,0,1,1,0,0,0,0,1,1,0,0,0,0,0,1,1,0,0,0
1303-SRDOK,0,0,1,1,55,1,1,69.05,3842.6,0,2,1,0,0,0,1,0,1,0,0,1,0,0,1,0,0,1,0,0,1,0,0,1,0,0,0,0,1,0,1,0,0,0,0,0,1
4177-JPDFU,1,0,0,0,12,0,0,34.0,442.45,1,3,0,1,0,1,0,0,1,0,0,0,0,1,1,0,0,0,0,1,1,0,0,1,0,0,1,0,0,0,0,0,1,1,0,0,0
2065-MMKGR,0,0,0,0,29,1,1,71.0,2080.1,0,5,0,0,1,1,0,0,1,0,0,1,0,0,1,0,0,1,0,0,0,0,1,0,0,1,0,1,0,0,1,0,0,0,0,1,0
5795-KTGUD,0,0,1,0,68,1,1,110.8,7553.6,1,8,0,0,1,0,1,0,0,0,1,0,0,1,0,0,1,1,0,0,0,0,1,0,0,1,0,0,1,1,0,0,0,0,0,0,1
5692-FPTAH,0,0,0,0,1,1,1,45.4,45.4,0,2,1,0,0,1,0,0,1,0,0,1,0,0,1,0,0,1,0,0,1,0,0,1,0,0,1,0,0,0,0,0,1,1,0,0,0
1728-BQDMA,0,0,0,0,2,1,0,44.45,82.7,0,2,1,0,0,1,0,0,1,0,0,1,0,0,1,0,0,1,0,0,1,0,0,1,0,0,1,0,0,0,0,1,0,1,0,0,0
8070-AAWZP,1,1,1,0,24,0,0,34.25,828.2,1,3,0,1,0,1,0,0,1,0,0,1,0,0,0,0,1,0,0,1,1,0,0,1,0,0,1,0,0,0,0,0,1,0,1,0,0
5652-MSDEY,0,0,0,0,10,1,1,75.75,777.3,0,3,0,0,1,0,1,0,1,0,0,1,0,0,1,0,0,1,0,0,1,0,0,1,0,0,1,0,0,0,0,0,1,1,0,0,0
4504-YOULA,0,0,1,1,35,1,1,59.45,2136.9,1,5,0,0,1,1,0,0,0,0,1,0,0,1,1,0,0,1,0,0,1,0,0,1,0,0,1,0,0,0,1,0,0,0,0,1,0
1599-EAHXY,1,0,1,1,60,1,0,23.95,1506.4,0,2,0,0,1,0,0,1,0,1,0,0,1,0,0,1,0,0,1,0,0,1,0,0,1,0,0,1,0,0,1,0,0,0,0,0,1
3853-LYGAM,1,0,0,0,17,1,1,95.65,1640.0,1,6,0,0,1,0,1,0,1,0,0,1,0,0,0,0,1,0,0,1,1,0,0,0,0,1,1,0,0,1,0,0,0,0,1,0,0
4248-HCETZ,1,1,1,0,30,1,1,79.65,2365.15,0,4,1,0,0,0,1,0,1,0,0,0,0,1,0,0,1,1,0,0,1,0,0,1,0,0,1,0,0,0,0,0,1,0,0,1,0
9174-FKWZE,0,1,0,0,1,1,1,19.45,19.45,0,1,1,0,0,0,0,1,0,1,0,0,1,0,0,1,0,0,1,0,0,1,0,0,1,0,1,0,0,0,0,1,0,1,0,0,0
4521-WFJAI,1,0,0,0,56,1,1,25.95,1444.05,0,2,0,0,1,0,0,1,0,1,0,0,1,0,0,1,0,0,1,0,0,1,0,0,1,0,0,0,1,1,0,0,0,0,0,0,1
4803-AXVYP,0,1,0,0,38,1,1,99.55,3734.25,1,6,0,0,1,0,1,0,1,0,0,1,0,0,1,0,0,0,0,1,0,0,1,0,0,1,1,0,0,0,0,1,0,0,0,1,0
1142-WACZW,1,0,0,0,2,0,0,29.85,75.6,1,2,0,1,0,1,0,0,1,0,0,1,0,0,1,0,0,0,0,1,1,0,0,1,0,0,1,0,0,1,0,0,0,1,0,0,0
2452-SNHFZ,0,0,0,0,47,1,0,75.45,3545.1,1,3,1,0,0,0,1,0,0,0,1,1,0,0,1,0,0,1,0,0,1,0,0,1,0,0,1,0,0,0,1,0,0,0,0,1,0
9281-OFDMF,1,1,0,0,39,1,0,90.7,3413.25,0,5,0,0,1,0,1,0,1,0,0,0,0,1,1,0,0,1,0,0,1,0,0,0,0,1,1,0,0,0,0,1,0,0,0,1,0
9766-HGEDE,0,0,1,0,17,1,0,19.35,307.0,0,1,1,0,0,0,0,1,0,1,0,0,1,0,0,1,0,0,1,0,0,1,0,0,1,0,0,1,0,0,0,0,1,0,1,0,0
8564-LDKFL,1,0,1,0,40,1,1,106.0,4178.65,0,7,0,0,1,0,1,0,1,0,0,0,0,1,0,0,1,1,0,0,0,0,1,0,0,1,0,1,0,1,0,0,0,0,0,1,0
3696-DFHHB,0,0,0,0,68,1,0,25.5,1821.8,0,2,0,0,1,0,0,1,0,1,0,0,1,0,0,1,0,0,1,0,0,1,0,0,1,0,0,0,1,1,0,0,0,0,0,0,1
5879-HMFFH,0,0,1,0,72,1,0,88.05,6520.8,1,9,0,0,1,1,0,0,0,0,1,0,0,1,0,0,1,0,0,1,0,0,1,0,0,1,0,0,1,1,0,0,0,0,0,0,1
7966-YOTQW,1,0,0,0,10,1,1,54.5,568.2,1,4,0,0,1,1,0,0,0,0,1,1,0,0,1,0,0,1,0,0,1,0,0,1,0,0,1,0,0,0,1,0,0,1,0,0,0
4900-MSOMT,0,0,1,1,72,1,0,80.2,5714.2,1,8,0,0,1,1,0,0,0,0,1,0,0,1,0,0,1,0,0,1,0,0,1,1,0,0,0,0,1,1,0,0,0,0,0,0,1
7774-OJSXI,1,0,0,0,31,1,1,103.45,3066.45,0,7,0,0,1,0,1,0,1,0,0,0,0,1,0,0,1,1,0,0,0,0,1,0,0,1,0,1,0,0,0,1,0,0,0,1,0
6061-PQHMK,0,0,0,0,25,1,0,19.9,527.5,0,1,1,0,0,0,0,1,0,1,0,0,1,0,0,1,0,0,1,0,0,1,0,0,1,0,0,1,0,0,1,0,0,0,0,1,0
6347-DCUIK,1,0,0,0,10,1,1,74.15,811.8,0,3,0,0,1,0,1,0,1,0,0,1,0,0,1,0,0,1,0,0,1,0,0,1,0,0,1,0,0,0,0,0,1,1,0,0,0
0689-NKYLF,1,0,0,0,13,1,1,83.2,1060.6,0,4,1,0,0,0,1,0,1,0,0,1,0,0,0,0,1,1,0,0,0,0,1,1,0,0,1,0,0,0,0,1,0,0,1,0,0
2883-ILGWO,1,1,0,0,57,1,1,104.9,5913.95,1,7,0,0,1,0,1,0,1,0,0,0,0,1,1,0,0,0,0,1,0,0,1,0,0,1,1,0,0,1,0,0,0,0,0,0,1
4951-UKAAQ,0,0,0,0,4,1,1,88.95,355.2,0,5,0,0,1,0,1,0,1,0,0,0,0,1,1,0,0,1,0,0,1,0,0,0,0,1,1,0,0,0,0,1,0,1,0,0,0
9618-LFJRU,0,0,0,0,4,1,0,20.45,82.85,0,1,1,0,0,0,0,1,0,1,0,0,1,0,0,1,0,0,1,0,0,1,0,0,1,0,1,0,0,0,1,0,0,1,0,0,0
4918-QLLIW,1,0,0,0,3,1,0,53.4,188.7,0,3,1,0,0,1,0,0,1,0,0,1,0,0,1,0,0,1,0,0,0,0,1,1,0,0,1,0,0,0,1,0,0,1,0,0,0
1625-JAIIY,0,0,1,1,68,1,1,83.0,5685.8,0,4,0,0,1,0,1,0,1,0,0,1,0,0,1,0,0,1,0,0,0,0,1,1,0,0,0,1,0,0,0,1,0,0,0,0,1
0917-EZOLA,1,1,1,0,72,1,1,104.15,7689.95,0,7,0,0,1,0,1,0,1,0,0,0,0,1,0,0,1,1,0,0,0,0,1,0,0,1,0,0,1,1,0,0,0,0,0,0,1
2000-MPKCA,0,0,0,0,58,1,1,107.75,6332.75,1,8,0,0,1,0,1,0,0,0,1,0,0,1,0,0,1,1,0,0,0,0,1,0,0,1,0,1,0,0,0,1,0,0,0,0,1
9762-YAQAA,1,0,0,0,39,1,0,81.4,3213.75,0,4,0,0,1,0,1,0,1,0,0,0,0,1,1,0,0,1,0,0,1,0,0,1,0,0,0,1,0,0,1,0,0,0,0,1,0
5397-TUPSH,1,1,1,0,65,1,1,70.95,4555.2,0,2,1,0,0,0,1,0,1,0,0,1,0,0,1,0,0,1,0,0,1,0,0,1,0,0,0,1,0,1,0,0,0,0,0,0,1
8950-MTZNV,1,0,0,0,1,1,1,44.95,44.95,0,2,1,0,0,1,0,0,1,0,0,1,0,0,1,0,0,1,0,0,1,0,0,1,0,0,1,0,0,0,0,0,1,1,0,0,0
3834-XUIFC,1,0,0,0,7,1,1,85.2,602.55,0,4,0,0,1,0,1,0,1,0,0,1,0,0,1,0,0,1,0,0,1,0,0,0,0,1,1,0,0,0,0,0,1,1,0,0,0
2921-XWDJH,0,1,1,0,38,1,1,83.45,3147.15,1,4,1,0,0,0,1,0,0,0,1,1,0,0,1,0,0,1,0,0,1,0,0,0,0,1,1,0,0,0,0,1,0,0,0,1,0
4682-BLBUC,1,0,1,0,44,1,1,70.95,3250.45,1,6,1,0,0,1,0,0,1,0,0,0,0,1,0,0,1,0,0,1,0,0,1,1,0,0,0,1,0,0,0,1,0,0,0,1,0
3199-XGZCY,0,0,0,0,8,1,1,75.25,576.7,0,3,0,0,1,0,1,0,1,0,0,1,0,0,1,0,0,1,0,0,1,0,0,1,0,0,1,0,0,0,0,1,0,1,0,0,0
6993-YCOBK,1,0,1,1,60,1,1,110.6,6586.85,1,8,0,0,1,0,1,0,0,0,1,1,0,0,0,0,1,0,0,1,0,0,1,0,0,1,0,0,1,0,0,1,0,0,0,0,1
6036-TTFYU,0,0,1,0,16,1,0,19.6,314.45,0,1,1,0,0,0,0,1,0,1,0,0,1,0,0,1,0,0,1,0,0,1,0,0,1,0,1,0,0,0,0,0,1,0,1,0,0
0378-CJKPV,0,0,1,0,72,1,0,112.1,7965.95,1,9,0,0,1,0,1,0,0,0,1,0,0,1,0,0,1,0,0,1,0,0,1,0,0,1,0,0,1,0,1,0,0,0,0,0,1
2165-VOEGB,0,0,0,1,46,1,1,105.2,4822.85,1,7,1,0,0,0,1,0,0,0,1,0,0,1,1,0,0,0,0,1,0,0,1,0,0,1,0,1,0,1,0,0,0,0,0,1,0
2254-DLXRI,0,0,0,0,1,1,1,79.15,79.15,0,4,0,0,1,0,1,0,1,0,0,0,0,1,1,0,0,1,0,0,1,0,0,1,0,0,1,0,0,0,0,0,1,1,0,0,0
7860-UXCRM,1,0,1,1,63,1,0,74.5,4674.55,1,7,1,0,0,1,0,0,0,0,1,0,0,1,0,0,1,0,0,1,0,0,1,1,0,0,0,0,1,0,1,0,0,0,0,0,1
6185-TASNN,1,1,0,0,1,1,0,46.3,46.3,0,2,1,0,0,1,0,0,1,0,0,1,0,0,1,0,0,1,0,0,1,0,0,1,0,0,1,0,0,0,0,1,0,1,0,0,0
8707-RMEZH,0,1,1,0,69,1,0,87.3,6055.55,1,5,1,0,0,0,1,0,0,0,1,0,0,1,1,0,0,1,0,0,1,0,0,0,0,1,0,1,0,0,1,0,0,0,0,0,1
3346-BRMIS,0,1,1,0,18,0,1,48.35,810.7,0,4,0,1,0,1,0,0,1,0,0,1,0,0,0,0,1,1,0,0,0,0,1,0,0,1,1,0,0,0,0,1,0,0,1,0,0
8219-VYBVI,1,0,0,1,39,1,0,25.0,1004.35,0,2,0,0,1,0,0,1,0,1,0,0,1,0,0,1,0,0,1,0,0,1,0,0,1,0,0,0,1,0,0,0,1,0,0,1,0
0174-QRVVY,1,0,1,1,71,1,0,25.35,1847.55,0,2,0,0,1,0,0,1,0,1,0,0,1,0,0,1,0,0,1,0,0,1,0,0,1,0,0,0,1,0,1,0,0,0,0,0,1
8450-LUGUK,0,0,1,1,37,1,1,24.1,861.85,0,2,0,0,1,0,0,1,0,1,0,0,1,0,0,1,0,0,1,0,0,1,0,0,1,0,0,0,1,1,0,0,0,0,0,1,0
7826-VVKWT,0,1,1,1,24,1,1,96.55,2263.45,0,5,1,0,0,0,1,0,1,0,0,1,0,0,0,0,1,1,0,0,0,0,1,0,0,1,0,0,1,0,0,1,0,0,1,0,0
1150-WFARN,0,0,1,1,67,1,1,108.75,7156.2,1,8,0,0,1,0,1,0,0,0,1,1,0,0,0,0,1,0,0,1,0,0,1,0,0,1,0,0,1,0,1,0,0,0,0,0,1
4227-OJHAL,0,0,1,1,68,1,1,73.0,5163.0,1,7,0,0,1,1,0,0,0,0,1,0,0,1,0,0,1,1,0,0,0,0,1,1,0,0,0,1,0,0,1,0,0,0,0,0,1
4993-JCRGJ,1,0,0,0,26,1,1,84.3,2281.6,1,5,0,0,1,0,1,0,1,0,0,1,0,0,0,0,1,0,0,1,1,0,0,1,0,0,1,0,0,0,0,0,1,0,0,1,0
9209-NWPGU,1,0,0,0,44,1,0,65.4,2774.55,1,5,1,0,0,1,0,0,0,0,1,1,0,0,1,0,0,0,0,1,0,0,1,1,0,0,0,1,0,0,0,1,0,0,0,1,0
0655-YDGFJ,1,0,0,0,29,1,0,48.95,1323.7,0,3,1,0,0,1,0,0,1,0,0,1,0,0,0,0,1,1,0,0,1,0,0,1,0,0,1,0,0,1,0,0,0,0,0,1,0
8328-SKJNO,1,0,0,1,23,0,0,40.65,947.4,1,4,0,1,0,1,0,0,0,0,1,0,0,1,1,0,0,0,0,1,1,0,0,1,0,0,0,1,0,1,0,0,0,0,1,0,0
6771-XWBDM,0,0,1,0,57,1,1,104.5,5921.35,0,7,0,0,1,0,1,0,1,0,0,0,0,1,0,0,1,1,0,0,0,0,1,0,0,1,1,0,0,0,1,0,0,0,0,0,1
0191-EQUUH,0,0,0,1,25,0,0,35.05,844.45,1,3,0,1,0,1,0,0,0,0,1,1,0,0,1,0,0,0,0,1,1,0,0,1,0,0,0,0,1,1,0,0,0,0,0,1,0
5789-LDFXO,1,0,0,0,24,1,0,24.6,592.65,0,2,0,0,1,0,0,1,0,1,0,0,1,0,0,1,0,0,1,0,0,1,0,0,1,0,0,1,0,0,0,1,0,0,1,0,0
6339-RZCBJ,1,0,0,0,48,1,0,78.9,3771.5,1,7,1,0,0,1,0,0,1,0,0,0,0,1,0,0,1,0,0,1,0,0,1,0,0,1,0,0,1,0,1,0,0,0,0,1,0
8617-ENBDS,1,0,0,0,3,1,1,73.6,232.5,0,3,1,0,0,0,1,0,1,0,0,1,0,0,0,0,1,1,0,0,1,0,0,1,0,0,1,0,0,0,1,0,0,1,0,0,0
1335-MXCSE,1,0,1,1,55,1,1,55.25,3119.9,1,4,1,0,0,1,0,0,1,0,0,1,0,0,0,0,1,0,0,1,1,0,0,1,0,0,0,0,1,0,1,0,0,0,0,0,1
4958-XCBDQ,1,1,0,0,35,1,1,101.4,3496.3,0,6,0,0,1,0,1,0,1,0,0,1,0,0,0,0,1,1,0,0,0,0,1,0,0,1,1,0,0,0,0,1,0,0,0,1,0
2800-QQUSO,1,0,0,0,42,1,1,100.3,4222.95,1,6,0,0,1,0,1,0,1,0,0,1,0,0,1,0,0,0,0,1,0,0,1,0,0,1,1,0,0,0,0,1,0,0,0,1,0
2903-YYTBW,1,0,1,1,1,1,0,44.55,44.55,0,2,1,0,0,1,0,0,1,0,0,1,0,0,1,0,0,1,0,0,1,0,0,1,0,0,1,0,0,0,0,1,0,1,0,0,0
8573-JGCZW,1,0,0,0,17,1,1,19.65,351.55,0,1,1,0,0,0,0,1,0,1,0,0,1,0,0,1,0,0,1,0,0,1,0,0,1,0,0,1,0,1,0,0,0,0,1,0,0
6701-YVNQG,1,0,1,0,72,1,1,88.7,6301.7,1,9,0,0,1,1,0,0,0,0,1,0,0,1,0,0,1,0,0,1,0,0,1,0,0,1,0,0,1,0,1,0,0,0,0,0,1
0004-TLHLJ,1,0,0,0,4,1,1,73.9,280.85,0,3,1,0,0,0,1,0,1,0,0,1,0,0,0,0,1,1,0,0,1,0,0,1,0,0,1,0,0,0,0,1,0,1,0,0,0
8439-LTUGF,1,0,0,0,10,1,1,20.0,198.6,0,1,1,0,0,0,0,1,0,1,0,0,1,0,0,1,0,0,1,0,0,1,0,0,1,0,1,0,0,0,1,0,0,1,0,0,0
7691-KGKGP,1,0,1,1,53,1,0,65.0,3363.8,1,5,1,0,0,1,0,0,1,0,0,0,0,1,1,0,0,0,0,1,0,0,1,1,0,0,1,0,0,0,1,0,0,0,0,0,1
5854-KSRBJ,1,0,1,1,70,1,0,25.4,1782.05,0,2,0,0,1,0,0,1,0,1,0,0,1,0,0,1,0,0,1,0,0,1,0,0,1,0,0,0,1,0,0,0,1,0,0,0,1
7995-ZHHNZ,1,0,1,0,42,1,0,56.1,2386.85,1,4,0,0,1,1,0,0,0,0,1,1,0,0,1,0,0,1,0,0,1,0,0,1,0,0,0,1,0,0,1,0,0,0,0,1,0
5989-AXPUC,0,0,1,0,68,1,0,118.6,7990.05,1,9,0,0,1,0,1,0,0,0,1,0,0,1,0,0,1,0,0,1,0,0,1,0,0,1,0,0,1,0,0,0,1,0,0,0,1
4979-HPRFL,1,0,1,1,56,1,0,24.15,1402.25,0,2,0,0,1,0,0,1,0,1,0,0,1,0,0,1,0,0,1,0,0,1,0,0,1,0,0,0,1,1,0,0,0,0,0,0,1
0991-BRRFB,1,0,0,0,18,1,0,49.4,874.8,1,3,1,0,0,1,0,0,0,0,1,1,0,0,1,0,0,1,0,0,1,0,0,1,0,0,1,0,0,0,0,1,0,0,1,0,0
6173-GOLSU,1,1,1,0,67,1,1,94.65,6079.0,0,5,0,0,1,0,1,0,1,0,0,1,0,0,1,0,0,1,0,0,0,0,1,0,0,1,1,0,0,0,1,0,0,0,0,0,1
5275-SQEIZ,1,0,0,0,1,1,1,80.85,80.85,0,3,1,0,0,0,1,0,1,0,0,1,0,0,1,0,0,1,0,0,1,0,0,0,0,1,1,0,0,0,0,0,1,1,0,0,0
9702-AIUJO,1,0,1,1,50,1,1,44.8,2230.85,0,2,1,0,0,1,0,0,1,0,0,1,0,0,1,0,0,1,0,0,1,0,0,1,0,0,0,1,0,1,0,0,0,0,0,0,1
5396-IZEPB,1,0,0,0,9,1,0,19.7,180.7,0,1,1,0,0,0,0,1,0,1,0,0,1,0,0,1,0,0,1,0,0,1,0,0,1,0,1,0,0,0,1,0,0,1,0,0,0
8945-GRKHX,0,0,0,1,1,1,0,78.65,78.65,0,3,1,0,0,0,1,0,1,0,0,1,0,0,1,0,0,1,0,0,1,0,0,0,0,1,1,0,0,0,0,1,0,1,0,0,0
7421-ZLUPA,0,0,0,0,8,0,1,29.25,226.95,0,2,0,1,0,1,0,0,1,0,0,0,0,1,1,0,0,1,0,0,1,0,0,1,0,0,1,0,0,0,0,0,1,1,0,0,0
3692-JHONH,0,1,1,0,52,1,1,106.5,5621.85,0,7,0,0,1,0,1,0,1,0,0,0,0,1,0,0,1,1,0,0,0,0,1,0,0,1,0,1,0,0,0,1,0,0,0,0,1
7008-LZVOZ,1,0,1,1,66,1,1,25.3,1672.35,0,2,0,0,1,0,0,1,0,1,0,0,1,0,0,1,0,0,1,0,0,1,0,0,1,0,0,0,1,0,1,0,0,0,0,0,1
5884-FBCTL,0,0,1,1,72,1,0,25.1,1857.85,0,2,0,0,1,0,0,1,0,1,0,0,1,0,0,1,0,0,1,0,0,1,0,0,1,0,0,0,1,1,0,0,0,0,0,0,1
0406-BPDVR,0,1,1,0,54,1,1,101.5,5373.1,0,6,0,0,1,0,1,0,1,0,0,0,0,1,1,0,0,1,0,0,0,0,1,0,0,1,0,1,0,0,1,0,0,0,0,0,1
5404-GGUKR,1,0,0,0,5,1,1,51.35,262.3,0,3,1,0,0,1,0,0,1,0,0,0,0,1,1,0,0,1,0,0,1,0,0,1,0,0,1,0,0,0,0,1,0,1,0,0,0
2126-GSEGL,0,0,1,0,70,1,1,84.8,5917.55,1,8,0,0,1,1,0,0,1,0,0,0,0,1,0,0,1,0,0,1,0,0,1,0,0,1,0,0,1,1,0,0,0,0,0,0,1
3677-TNKIO,0,0,0,0,14,1,1,71.0,914.0,0,2,1,0,0,0,1,0,1,0,0,1,0,0,1,0,0,1,0,0,1,0,0,1,0,0,1,0,0,0,1,0,0,0,1,0,0
3415-TAILE,0,0,1,1,2,1,0,65.7,134.35,0,4,1,0,0,1,0,0,1,0,0,1,0,0,1,0,0,1,0,0,0,0,1,0,0,1,1,0,0,0,0,0,1,1,0,0,0
3423-HHXAO,0,0,1,1,14,1,1,19.5,272.0,0,1,1,0,0,0,0,1,0,1,0,0,1,0,0,1,0,0,1,0,0,1,0,0,1,0,0,1,0,0,0,0,1,0,1,0,0
1325-USMEC,1,0,1,0,70,1,1,99.35,6944.5,1,7,0,0,1,0,1,0,0,0,1,0,0,1,0,0,1,1,0,0,0,0,1,1,0,0,0,0,1,0,1,0,0,0,0,0,1
5214-NLTIT,1,0,1,1,72,1,1,90.8,6511.8,0,5,0,0,1,0,1,0,1,0,0,1,0,0,0,0,1,1,0,0,1,0,0,0,0,1,0,0,1,0,1,0,0,0,0,0,1
2466-FCCPT,0,0,1,1,20,1,0,19.7,395.6,0,1,1,0,0,0,0,1,0,1,0,0,1,0,0,1,0,0,1,0,0,1,0,0,1,0,0,1,0,1,0,0,0,0,1,0,0
3724-UCSHY,1,0,1,1,6,1,0,19.55,122.9,0,1,1,0,0,0,0,1,0,1,0,0,1,0,0,1,0,0,1,0,0,1,0,0,1,0,1,0,0,0,0,0,1,1,0,0,0
2208-UGTGR,1,0,0,0,56,1,0,98.6,5581.05,0,6,0,0,1,0,1,0,1,0,0,0,0,1,1,0,0,1,0,0,0,0,1,0,0,1,1,0,0,0,0,1,0,0,0,0,1
7777-UNYHB,0,0,1,1,12,1,1,20.1,232.4,0,1,1,0,0,0,0,1,0,1,0,0,1,0,0,1,0,0,1,0,0,1,0,0,1,0,1,0,0,0,1,0,0,1,0,0,0
4229-CZMLL,1,0,0,0,6,1,1,74.9,469.8,0,3,0,0,1,0,1,0,1,0,0,1,0,0,1,0,0,1,0,0,1,0,0,1,0,0,1,0,0,0,0,1,0,1,0,0,0
1194-BHJYC,1,0,1,0,61,0,1,62.15,3778.85,1,6,0,1,0,1,0,0,0,0,1,1,0,0,0,0,1,0,0,1,0,0,1,0,0,1,0,0,1,0,0,0,1,0,0,0,1
4553-DVPZG,0,0,1,0,62,1,1,101.35,6164.7,0,6,0,0,1,0,1,0,1,0,0,1,0,0,0,0,1,1,0,0,0,0,1,0,0,1,1,0,0,0,0,1,0,0,0,0,1
8620-RJPZN,0,0,0,0,1,1,0,20.7,20.7,0,1,1,0,0,0,0,1,0,1,0,0,1,0,0,1,0,0,1,0,0,1,0,0,1,0,1,0,0,0,0,1,0,1,0,0,0
3683-QKIUE,0,0,0,0,6,1,1,50.8,288.05,1,3,1,0,0,1,0,0,1,0,0,1,0,0,1,0,0,0,0,1,1,0,0,1,0,0,1,0,0,1,0,0,0,1,0,0,0
9362-MWODR,0,0,0,1,40,1,1,64.1,2460.35,1,5,1,0,0,1,0,0,0,0,1,1,0,0,1,0,0,0,0,1,0,0,1,1,0,0,1,0,0,0,1,0,0,0,0,1,0
2157-MXBJS,1,0,1,0,13,1,1,75.3,989.45,0,6,0,0,1,1,0,0,1,0,0,1,0,0,0,0,1,1,0,0,0,0,1,0,0,1,0,1,0,0,0,0,1,0,1,0,0
1087-UDSIH,0,0,0,0,3,1,1,19.6,59.75,0,1,1,0,0,0,0,1,0,1,0,0,1,0,0,1,0,0,1,0,0,1,0,0,1,0,1,0,0,0,0,0,1,1,0,0,0
5445-PZWGX,1,0,0,0,62,1,0,102.0,6529.25,1,7,0,0,1,0,1,0,0,0,1,0,0,1,1,0,0,0,0,1,1,0,0,0,0,1,0,1,0,0,0,1,0,0,0,0,1
8815-LMFLX,1,0,1,1,25,1,1,25.4,546.85,0,2,0,0,1,0,0,1,0,1,0,0,1,0,0,1,0,0,1,0,0,1,0,0,1,0,1,0,0,1,0,0,0,0,0,1,0
8582-KRHPJ,1,0,0,0,50,0,1,35.0,1782.4,1,3,0,1,0,1,0,0,0,0,1,0,0,1,1,0,0,1,0,0,1,0,0,1,0,0,1,0,0,0,0,0,1,0,0,0,1
3284-SVCRO,0,0,1,0,45,1,0,25.5,1121.05,0,2,0,0,1,0,0,1,0,1,0,0,1,0,0,1,0,0,1,0,0,1,0,0,1,0,0,0,1,0,0,0,1,0,0,1,0
2187-LZGPL,0,0,0,0,7,0,1,40.1,293.3,0,3,0,1,0,1,0,0,1,0,0,0,0,1,1,0,0,1,0,0,1,0,0,0,0,1,1,0,0,0,1,0,0,1,0,0,0
5599-HVLTW,0,1,0,0,14,1,1,80.35,1058.1,0,4,0,0,1,0,1,0,1,0,0,1,0,0,0,0,1,1,0,0,1,0,0,1,0,0,1,0,0,1,0,0,0,0,1,0,0
6873-UDNLD,1,0,0,0,40,1,0,67.45,2731.0,1,5,1,0,0,1,0,0,0,0,1,1,0,0,0,0,1,1,0,0,1,0,0,0,0,1,1,0,0,0,0,1,0,0,0,1,0
5743-KHMNA,1,0,0,0,71,1,0,25.55,1898.1,0,2,0,0,1,0,0,1,0,1,0,0,1,0,0,1,0,0,1,0,0,1,0,0,1,0,0,0,1,1,0,0,0,0,0,0,1
9208-OLGAQ,0,1,0,0,18,1,1,84.95,1443.65,0,4,1,0,0,0,1,0,1,0,0,1,0,0,0,0,1,1,0,0,1,0,0,0,0,1,1,0,0,0,0,1,0,0,1,0,0
2674-MLXMN,0,1,0,0,71,1,1,99.65,6951.15,0,6,0,0,1,0,1,0,1,0,0,0,0,1,1,0,0,1,0,0,0,0,1,0,0,1,1,0,0,0,1,0,0,0,0,0,1
4366-CTOUZ,0,0,0,0,50,1,1,100.2,5038.45,1,6,1,0,0,0,1,0,1,0,0,0,0,1,1,0,0,0,0,1,0,0,1,0,0,1,0,0,1,0,0,0,1,0,0,0,1
5018-GWURO,0,0,1,0,56,1,1,85.6,4902.8,0,4,0,0,1,0,1,0,1,0,0,1,0,0,1,0,0,1,0,0,0,0,1,1,0,0,1,0,0,1,0,0,0,0,0,0,1
0023-HGHWL,1,1,0,0,1,0,1,25.1,25.1,0,1,0,1,0,1,0,0,1,0,0,1,0,0,1,0,0,1,0,0,1,0,0,1,0,0,1,0,0,0,0,1,0,1,0,0,0
1307-ATKGB,1,0,0,0,24,1,1,89.55,2187.15,0,5,1,0,0,0,1,0,1,0,0,0,0,1,0,0,1,1,0,0,1,0,0,0,0,1,1,0,0,0,0,1,0,0,1,0,0
5372-FBKBN,0,0,0,1,21,1,0,20.75,452.2,0,1,1,0,0,0,0,1,0,1,0,0,1,0,0,1,0,0,1,0,0,1,0,0,1,0,1,0,0,0,0,0,1,0,1,0,0
6217-TOWGS,0,0,1,0,17,1,1,75.4,1322.55,0,6,0,0,1,1,0,0,1,0,0,0,0,1,1,0,0,1,0,0,0,0,1,0,0,1,1,0,0,1,0,0,0,0,1,0,0
8630-FJLIB,0,0,0,0,18,1,1,69.8,1221.65,0,2,1,0,0,0,1,0,1,0,0,1,0,0,1,0,0,1,0,0,1,0,0,1,0,0,1,0,0,0,0,1,0,0,1,0,0
2672-OJQZP,0,0,0,0,1,1,0,44.75,44.75,0,2,1,0,0,1,0,0,1,0,0,1,0,0,1,0,0,1,0,0,1,0,0,1,0,0,1,0,0,0,0,0,1,1,0,0,0
6543-XRMYR,0,1,0,0,30,1,1,99.7,2967.35,0,6,0,0,1,0,1,0,1,0,0,0,0,1,1,0,0,1,0,0,0,0,1,0,0,1,1,0,0,0,0,1,0,0,0,1,0
8280-MQRQN,0,0,0,0,1,1,1,50.45,50.45,0,3,1,0,0,1,0,0,1,0,0,1,0,0,0,0,1,1,0,0,1,0,0,1,0,0,1,0,0,0,0,0,1,1,0,0,0
9541-ZPSEA,1,0,1,1,68,1,0,80.35,5375.15,1,4,1,0,0,0,1,0,0,0,1,1,0,0,0,0,1,1,0,0,1,0,0,1,0,0,0,0,1,0,1,0,0,0,0,0,1
5075-JSDKI,0,0,0,0,59,1,0,24.45,1493.1,0,2,0,0,1,0,0,1,0,1,0,0,1,0,0,1,0,0,1,0,0,1,0,0,1,0,0,0,1,0,0,1,0,0,0,0,1
8644-XYTSV,1,0,1,0,42,0,1,40.15,1626.05,1,3,0,1,0,1,0,0,0,0,1,1,0,0,1,0,0,1,0,0,0,0,1,1,0,0,1,0,0,1,0,0,0,0,0,1,0
6711-FLDFB,0,0,0,0,7,1,1,74.9,541.15,0,3,0,0,1,0,1,0,1,0,0,1,0,0,1,0,0,1,0,0,1,0,0,1,0,0,1,0,0,0,0,1,0,1,0,0,0
3506-LCJDC,1,0,1,1,1,1,0,19.95,19.95,0,1,1,0,0,0,0,1,0,1,0,0,1,0,0,1,0,0,1,0,0,1,0,0,1,0,1,0,0,1,0,0,0,1,0,0,0
0378-TOVMS,0,0,0,0,3,1,0,85.8,272.2,1,4,1,0,0,0,1,0,1,0,0,1,0,0,1,0,0,0,0,1,1,0,0,0,0,1,1,0,0,0,0,1,0,1,0,0,0
9415-TPKRV,0,0,1,1,8,1,0,55.75,446.8,0,4,0,0,1,1,0,0,1,0,0,0,0,1,1,0,0,1,0,0,1,0,0,1,0,0,1,0,0,0,0,1,0,1,0,0,0
7639-SUPCW,0,0,0,0,22,1,1,48.8,1054.6,1,3,1,0,0,1,0,0,0,0,1,1,0,0,1,0,0,1,0,0,1,0,0,1,0,0,1,0,0,0,1,0,0,0,1,0,0
1386-ZIKUV,1,0,0,0,7,1,1,18.95,130.55,0,1,1,0,0,0,0,1,0,1,0,0,1,0,0,1,0,0,1,0,0,1,0,0,1,0,1,0,0,0,0,0,1,1,0,0,0
1494-EJZDW,0,0,1,1,10,1,0,20.15,220.8,0,1,1,0,0,0,0,1,0,1,0,0,1,0,0,1,0,0,1,0,0,1,0,0,1,0,0,0,1,0,0,0,1,1,0,0,0
8003-EWNDZ,0,0,0,0,10,1,1,21.2,222.65,0,1,1,0,0,0,0,1,0,1,0,0,1,0,0,1,0,0,1,0,0,1,0,0,1,0,1,0,0,0,0,1,0,1,0,0,0
2432-TFSMK,1,0,0,0,18,1,1,89.6,1633.0,0,5,0,0,1,0,1,0,1,0,0,1,0,0,0,0,1,1,0,0,0,0,1,1,0,0,0,1,0,0,1,0,0,0,1,0,0
6987-XQSJT,0,1,0,0,54,1,1,79.5,4370.25,0,4,0,0,1,0,1,0,1,0,0,0,0,1,1,0,0,1,0,0,1,0,0,1,0,0,1,0,0,0,0,1,0,0,0,0,1
4290-BSXUX,1,0,1,0,3,1,1,79.65,251.75,1,4,0,0,1,0,1,0,1,0,0,1,0,0,1,0,0,0,0,1,1,0,0,1,0,0,1,0,0,1,0,0,0,1,0,0,0
9068-FHQHD,0,0,1,1,40,1,0,20.15,777.35,0,1,1,0,0,0,0,1,0,1,0,0,1,0,0,1,0,0,1,0,0,1,0,0,1,0,0,0,1,1,0,0,0,0,0,1,0
5032-MIYKT,0,0,0,0,1,1,1,70.7,70.7,0,2,1,0,0,0,1,0,1,0,0,1,0,0,1,0,0,1,0,0,1,0,0,1,0,0,1,0,0,0,0,0,1,1,0,0,0
3540-RZJYU,0,0,0,0,15,1,0,86.2,1270.2,1,4,1,0,0,0,1,0,0,0,1,1,0,0,1,0,0,1,0,0,0,0,1,1,0,0,1,0,0,0,0,1,0,0,1,0,0
2988-GBIVW,0,1,1,0,70,1,1,90.85,6470.1,1,5,0,0,1,0,1,0,0,0,1,1,0,0,1,0,0,1,0,0,1,0,0,0,0,1,1,0,0,0,0,1,0,0,0,0,1
0463-TXOAK,1,0,0,1,52,1,0,25.6,1334.5,0,2,0,0,1,0,0,1,0,1,0,0,1,0,0,1,0,0,1,0,0,1,0,0,1,0,0,0,1,0,1,0,0,0,0,0,1
5365-LLFYV,0,0,0,0,2,1,1,45.85,105.6,0,2,1,0,0,1,0,0,1,0,0,1,0,0,1,0,0,1,0,0,1,0,0,1,0,0,1,0,0,0,0,0,1,1,0,0,0
7816-VGHTO,0,0,1,1,6,0,0,40.55,217.5,1,4,0,1,0,1,0,0,1,0,0,0,0,1,0,0,1,0,0,1,1,0,0,1,0,0,0,0,1,0,0,0,1,1,0,0,0
6119-SPUDB,1,0,0,0,46,0,0,38.25,1755.35,1,4,0,1,0,1,0,0,0,0,1,1,0,0,0,0,1,0,0,1,1,0,0,1,0,0,0,0,1,0,0,0,1,0,0,1,0
7813-ZGGAW,1,1,0,0,31,1,1,96.6,2877.95,1,6,0,0,1,0,1,0,1,0,0,1,0,0,0,0,1,0,0,1,0,0,1,1,0,0,1,0,0,1,0,0,0,0,0,1,0
9298-WGMRW,0,0,1,0,72,1,1,115.5,8312.75,1,9,0,0,1,0,1,0,0,0,1,0,0,1,0,0,1,0,0,1,0,0,1,0,0,1,0,0,1,1,0,0,0,0,0,0,1
6139-ZZRBQ,1,1,0,0,64,1,1,20.05,1198.05,0,1,1,0,0,0,0,1,0,1,0,0,1,0,0,1,0,0,1,0,0,1,0,0,1,0,0,0,1,1,0,0,0,0,0,0,1
2072-ZVJJX,1,0,1,0,68,1,0,25.25,1728.2,0,2,0,0,1,0,0,1,0,1,0,0,1,0,0,1,0,0,1,0,0,1,0,0,1,0,0,0,1,1,0,0,0,0,0,0,1
7762-ONLJY,0,0,1,1,6,1,0,19.7,94.45,0,1,1,0,0,0,0,1,0,1,0,0,1,0,0,1,0,0,1,0,0,1,0,0,1,0,0,1,0,0,0,0,1,1,0,0,0
5795-BKOYE,0,0,1,1,69,1,0,59.1,4134.7,1,5,1,0,0,1,0,0,1,0,0,0,0,1,0,0,1,0,0,1,1,0,0,1,0,0,0,1,0,1,0,0,0,0,0,0,1
0018-NYROU,0,0,1,0,5,1,1,68.95,351.5,0,2,1,0,0,0,1,0,1,0,0,1,0,0,1,0,0,1,0,0,1,0,0,1,0,0,1,0,0,0,0,1,0,1,0,0,0
4948-WBBKL,0,1,0,0,36,1,1,74.9,2659.45,0,3,0,0,1,0,1,0,1,0,0,1,0,0,1,0,0,1,0,0,1,0,0,1,0,0,1,0,0,1,0,0,0,0,0,1,0
9972-NKTFD,0,0,0,0,28,1,0,54.65,1517.5,1,4,1,0,0,1,0,0,1,0,0,0,0,1,1,0,0,0,0,1,1,0,0,1,0,0,1,0,0,1,0,0,0,0,0,1,0
8631-WUXGY,0,0,0,1,46,1,1,99.8,4391.25,0,6,1,0,0,0,1,0,1,0,0,0,0,1,0,0,1,1,0,0,0,0,1,0,0,1,1,0,0,0,0,1,0,0,0,1,0
8348-JLBUG,1,1,1,0,64,1,0,80.3,5017.7,1,4,1,0,0,0,1,0,0,0,1,1,0,0,0,0,1,1,0,0,1,0,0,1,0,0,0,1,0,0,1,0,0,0,0,0,1
3389-YGYAI,0,1,0,0,8,1,1,105.5,829.55,0,7,0,0,1,0,1,0,1,0,0,0,0,1,0,0,1,1,0,0,0,0,1,0,0,1,1,0,0,0,0,1,0,1,0,0,0
9560-ARGQJ,0,0,0,1,16,1,1,81.0,1312.15,0,3,1,0,0,0,1,0,1,0,0,1,0,0,1,0,0,1,0,0,0,0,1,1,0,0,1,0,0,0,0,1,0,0,1,0,0
2055-PDADH,0,1,0,0,3,1,1,70.4,204.7,0,2,1,0,0,0,1,0,1,0,0,1,0,0,1,0,0,1,0,0,1,0,0,1,0,0,1,0,0,0,0,1,0,1,0,0,0
7515-LODFU,1,1,0,0,69,1,0,20.3,1356.3,0,1,1,0,0,0,0,1,0,1,0,0,1,0,0,1,0,0,1,0,0,1,0,0,1,0,0,0,1,0,1,0,0,0,0,0,1
6344-SFJVH,0,0,0,0,20,0,0,24.9,505.95,0,1,0,1,0,1,0,0,1,0,0,1,0,0,1,0,0,1,0,0,1,0,0,1,0,0,1,0,0,0,1,0,0,0,1,0,0
6941-KXRRV,0,1,1,0,48,1,1,58.95,2789.7,0,4,1,0,0,1,0,0,1,0,0,0,0,1,1,0,0,1,0,0,1,0,0,0,0,1,0,1,0,1,0,0,0,0,0,1,0
2568-OIADY,0,0,1,0,37,1,1,99.5,3762.0,0,6,0,0,1,0,1,0,1,0,0,1,0,0,0,0,1,1,0,0,0,0,1,0,0,1,1,0,0,0,0,1,0,0,0,1,0
1384-RCUXW,1,0,0,0,16,1,1,80.55,1248.9,0,4,0,0,1,0,1,0,1,0,0,0,0,1,1,0,0,1,0,0,1,0,0,1,0,0,1,0,0,0,0,0,1,0,1,0,0
6635-MYYYZ,0,0,0,0,30,1,0,85.35,2530.4,1,8,1,0,0,1,0,0,0,0,1,0,0,1,0,0,1,0,0,1,0,0,1,0,0,1,0,1,0,1,0,0,0,0,0,1,0
2436-QBZFP,0,0,1,1,22,0,0,39.2,849.9,0,3,0,1,0,1,0,0,1,0,0,0,0,1,1,0,0,1,0,0,0,0,1,1,0,0,1,0,0,0,0,1,0,0,1,0,0
6040-CGACY,0,0,0,0,15,1,0,19.6,299.4,0,1,1,0,0,0,0,1,0,1,0,0,1,0,0,1,0,0,1,0,0,1,0,0,1,0,1,0,0,0,0,0,1,0,1,0,0
0440-EKDCF,1,0,1,0,62,1,1,60.15,3753.2,1,5,1,0,0,1,0,0,1,0,0,0,0,1,0,0,1,0,0,1,1,0,0,1,0,0,0,0,1,0,1,0,0,0,0,0,1
4298-OYIFC,1,0,1,0,15,1,1,103.45,1539.8,1,7,0,0,1,0,1,0,1,0,0,1,0,0,0,0,1,0,0,1,0,0,1,0,0,1,1,0,0,0,0,1,0,0,1,0,0
3703-KBKZP,1,1,0,0,16,1,1,74.45,1261.35,0,3,0,0,1,0,1,0,1,0,0,1,0,0,1,0,0,1,0,0,1,0,0,1,0,0,1,0,0,1,0,0,0,0,1,0,0
4973-MGTON,0,0,1,0,71,1,1,84.4,5969.3,1,8,1,0,0,1,0,0,0,0,1,0,0,1,0,0,1,0,0,1,0,0,1,0,0,1,0,0,1,0,1,0,0,0,0,0,1
4735-ASGMA,1,0,0,0,26,1,1,98.35,2515.3,0,6,0,0,1,0,1,0,1,0,0,1,0,0,0,0,1,1,0,0,0,0,1,0,0,1,1,0,0,0,0,1,0,0,0,1,0
3217-FZDMN,0,1,0,0,8,1,1,94.45,742.95,0,5,1,0,0,0,1,0,1,0,0,1,0,0,0,0,1,1,0,0,0,0,1,0,0,1,1,0,0,0,1,0,0,1,0,0,0
6527-PZFPV,1,0,1,1,24,1,1,20.8,469.65,0,1,1,0,0,0,0,1,0,1,0,0,1,0,0,1,0,0,1,0,0,1,0,0,1,0,0,1,0,0,1,0,0,0,1,0,0
9593-CVZKR,0,0,1,1,56,1,1,24.45,1385.85,0,2,0,0,1,0,0,1,0,1,0,0,1,0,0,1,0,0,1,0,0,1,0,0,1,0,0,0,1,0,0,0,1,0,0,0,1
1502-XFCVR,0,0,0,0,58,1,1,106.45,6145.85,1,7,1,0,0,0,1,0,0,0,1,0,0,1,0,0,1,1,0,0,0,0,1,0,0,1,0,1,0,0,0,1,0,0,0,0,1
8292-TYSPY,1,0,0,0,19,1,1,55.0,1046.5,1,4,1,0,0,1,0,0,1,0,0,1,0,0,0,0,1,0,0,1,1,0,0,1,0,0,1,0,0,0,1,0,0,0,1,0,0
7298-IZWLY,0,0,0,0,1,1,1,19.4,19.4,0,1,1,0,0,0,0,1,0,1,0,0,1,0,0,1,0,0,1,0,0,1,0,0,1,0,1,0,0,0,0,0,1,1,0,0,0
3955-JBZZM,1,0,0,0,20,1,0,78.8,1641.3,0,3,1,0,0,0,1,0,1,0,0,1,0,0,1,0,0,1,0,0,0,0,1,1,0,0,1,0,0,0,0,1,0,0,1,0,0
1360-JYXKQ,0,1,1,0,54,1,1,99.1,5437.1,1,6,1,0,0,0,1,0,1,0,0,1,0,0,0,0,1,0,0,1,0,0,1,0,0,1,0,1,0,0,0,1,0,0,0,0,1
7762-URZQH,1,0,1,0,66,1,1,106.05,6981.35,1,7,0,0,1,0,1,0,0,0,1,1,0,0,0,0,1,1,0,0,0,0,1,0,0,1,0,0,1,0,1,0,0,0,0,0,1
1746-TGTWV,1,0,1,0,1,1,0,75.35,75.35,0,3,1,0,0,0,1,0,1,0,0,1,0,0,0,0,1,1,0,0,1,0,0,1,0,0,1,0,0,0,1,0,0,1,0,0,0
5995-SNNEW,1,1,1,0,23,1,1,104.45,2184.85,0,7,0,0,1,0,1,0,1,0,0,0,0,1,0,0,1,1,0,0,0,0,1,0,0,1,1,0,0,0,0,1,0,0,1,0,0
2507-QZPQS,1,0,0,0,15,1,0,95.7,1451.1,1,6,0,0,1,0,1,0,1,0,0,0,0,1,1,0,0,0,0,1,1,0,0,0,0,1,1,0,0,0,0,1,0,0,1,0,0
7074-STDCN,1,0,0,0,39,0,1,40.6,1494.5,1,3,0,1,0,1,0,0,1,0,0,1,0,0,1,0,0,0,0,1,1,0,0,0,0,1,1,0,0,0,0,1,0,0,0,1,0
8563-IIOXK,1,0,1,1,7,1,1,49.75,331.3,1,3,1,0,0,1,0,0,0,0,1,1,0,0,1,0,0,1,0,0,1,0,0,1,0,0,0,1,0,0,0,1,0,1,0,0,0
4903-CNOZC,1,0,0,0,29,1,0,70.9,1964.6,0,6,0,0,1,1,0,0,1,0,0,0,0,1,0,0,1,1,0,0,1,0,0,0,0,1,0,1,0,0,1,0,0,0,0,1,0
3850-OKINF,1,0,1,1,71,1,1,66.2,4692.55,1,5,0,0,1,1,0,0,0,0,1,1,0,0,1,0,0,1,0,0,0,0,1,1,0,0,0,1,0,0,0,1,0,0,0,0,1
1156-ZFYDO,0,0,0,0,1,1,0,19.75,19.75,0,1,1,0,0,0,0,1,0,1,0,0,1,0,0,1,0,0,1,0,0,1,0,0,1,0,1,0,0,0,0,1,0,1,0,0,0
3727-OVPRY,1,0,1,1,66,1,1,25.7,1714.55,0,2,0,0,1,0,0,1,0,1,0,0,1,0,0,1,0,0,1,0,0,1,0,0,1,0,0,1,0,0,1,0,0,0,0,0,1
7017-VFULY,0,0,1,0,2,1,0,20.1,43.15,0,1,1,0,0,0,0,1,0,1,0,0,1,0,0,1,0,0,1,0,0,1,0,0,1,0,1,0,0,1,0,0,0,1,0,0,0
3472-OAOOR,1,0,1,1,19,0,1,34.95,610.2,1,3,0,1,0,1,0,0,0,0,1,0,0,1,1,0,0,1,0,0,1,0,0,1,0,0,1,0,0,0,0,0,1,0,1,0,0
0128-MKWSG,0,0,0,1,26,0,0,45.8,1147.0,1,4,0,1,0,1,0,0,0,0,1,1,0,0,1,0,0,0,0,1,1,0,0,0,0,1,1,0,0,0,0,0,1,0,0,1,0
3001-UNBTL,1,1,1,1,29,1,1,103.95,2964.8,0,6,0,0,1,0,1,0,1,0,0,1,0,0,0,0,1,1,0,0,0,0,1,0,0,1,1,0,0,0,0,1,0,0,0,1,0
1902-XBTFB,1,0,0,1,22,1,1,89.4,2001.5,0,5,1,0,0,0,1,0,1,0,0,0,0,1,0,0,1,1,0,0,0,0,1,1,0,0,1,0,0,0,0,1,0,0,1,0,0
0786-IVLAW,0,1,0,0,66,1,0,108.1,7238.6,0,7,0,0,1,0,1,0,1,0,0,0,0,1,0,0,1,1,0,0,0,0,1,0,0,1,0,1,0,1,0,0,0,0,0,0,1
7245-JMTTQ,0,0,0,0,51,1,1,111.5,5703.25,1,8,0,0,1,0,1,0,1,0,0,0,0,1,0,0,1,0,0,1,0,0,1,0,0,1,0,1,0,0,0,1,0,0,0,0,1
4282-ACRXS,1,1,1,0,38,0,1,24.85,955.75,0,1,0,1,0,1,0,0,1,0,0,1,0,0,1,0,0,1,0,0,1,0,0,1,0,0,1,0,0,0,0,1,0,0,0,1,0
3511-BFTJW,1,0,1,1,72,0,0,38.5,2763.0,1,4,0,1,0,1,0,0,0,0,1,0,0,1,0,0,1,1,0,0,1,0,0,1,0,0,0,0,1,0,1,0,0,0,0,0,1
7845-URHJN,0,0,1,0,8,1,0,20.15,156.25,0,1,1,0,0,0,0,1,0,1,0,0,1,0,0,1,0,0,1,0,0,1,0,0,1,0,1,0,0,1,0,0,0,1,0,0,0
5336-UFNZP,0,1,1,1,65,1,1,107.45,7047.5,0,7,0,0,1,0,1,0,1,0,0,0,0,1,0,0,1,1,0,0,0,0,1,0,0,1,0,1,0,0,0,1,0,0,0,0,1
8485-GJCDN,0,1,0,0,5,1,1,69.05,318.5,0,2,1,0,0,0,1,0,1,0,0,1,0,0,1,0,0,1,0,0,1,0,0,1,0,0,1,0,0,0,0,0,1,1,0,0,0
4393-GEADV,1,0,1,1,70,1,0,114.75,7842.3,1,9,0,0,1,0,1,0,0,0,1,0,0,1,0,0,1,0,0,1,0,0,1,0,0,1,0,0,1,0,1,0,0,0,0,0,1
4560-WQAQW,0,0,0,0,59,1,0,68.7,4070.95,1,6,0,0,1,1,0,0,0,0,1,1,0,0,1,0,0,0,0,1,1,0,0,0,0,1,0,1,0,1,0,0,0,0,0,0,1
9530-EHPOH,1,0,0,0,11,1,0,53.75,608.0,0,4,0,0,1,1,0,0,1,0,0,1,0,0,0,0,1,1,0,0,1,0,0,1,0,0,1,0,0,0,0,1,0,1,0,0,0
3642-GKTCT,0,0,0,0,61,1,1,115.1,6993.65,1,9,0,0,1,0,1,0,0,0,1,0,0,1,0,0,1,0,0,1,0,0,1,0,0,1,0,1,0,0,0,0,1,0,0,0,1
1334-PDUKM,0,0,1,0,68,1,0,86.45,5762.95,0,5,0,0,1,0,1,0,1,0,0,0,0,1,0,0,1,1,0,0,1,0,0,1,0,0,0,1,0,0,1,0,0,0,0,0,1
7647-GYYKX,0,0,1,1,54,1,1,20.35,1092.35,0,1,1,0,0,0,0,1,0,1,0,0,1,0,0,1,0,0,1,0,0,1,0,0,1,0,0,0,1,1,0,0,0,0,0,0,1
1448-CYWKC,0,0,1,1,58,1,1,105.2,6225.4,0,7,0,0,1,0,1,0,1,0,0,0,0,1,0,0,1,1,0,0,0,0,1,0,0,1,0,1,0,0,1,0,0,0,0,0,1
7901-IIDQV,1,0,0,0,24,1,0,54.6,1242.25,1,4,0,0,1,1,0,0,1,0,0,1,0,0,1,0,0,0,0,1,1,0,0,1,0,0,0,1,0,1,0,0,0,0,1,0,0
0334-ZFJSR,0,0,1,0,55,1,1,66.05,3462.1,1,6,0,0,1,1,0,0,0,0,1,0,0,1,1,0,0,0,0,1,1,0,0,1,0,0,0,1,0,0,1,0,0,0,0,0,1
6386-SZZKH,0,0,1,1,49,1,1,107.95,5293.2,1,8,0,0,1,0,1,0,1,0,0,0,0,1,0,0,1,0,0,1,0,0,1,0,0,1,0,0,1,1,0,0,0,0,0,0,1
9526-JAWYF,1,0,0,0,26,1,0,89.8,2335.3,0,5,1,0,0,0,1,0,1,0,0,0,0,1,0,0,1,1,0,0,0,0,1,1,0,0,1,0,0,0,0,1,0,0,0,1,0
0771-CHWSK,1,0,0,0,66,1,1,74.6,4798.4,1,7,0,0,1,1,0,0,0,0,1,0,0,1,0,0,1,1,0,0,1,0,0,0,0,1,0,0,1,0,1,0,0,0,0,0,1
5375-XLDOF,1,0,1,1,69,1,1,114.35,7665.8,1,9,0,0,1,0,1,0,0,0,1,0,0,1,0,0,1,0,0,1,0,0,1,0,0,1,0,0,1,1,0,0,0,0,0,0,1
6559-PDZLR,1,0,0,0,26,1,1,98.65,2537.0,1,6,1,0,0,0,1,0,1,0,0,1,0,0,0,0,1,0,0,1,0,0,1,0,0,1,1,0,0,0,0,1,0,0,0,1,0
4724-WXVWF,1,0,0,0,48,1,1,95.4,4445.3,1,6,0,0,1,0,1,0,0,0,1,1,0,0,1,0,0,0,0,1,1,0,0,0,0,1,1,0,0,0,0,1,0,0,0,1,0
0485-ZBSLN,1,0,1,1,65,1,0,24.75,1715.1,0,2,0,0,1,0,0,1,0,1,0,0,1,0,0,1,0,0,1,0,0,1,0,0,1,0,0,0,1,0,1,0,0,0,0,0,1
6168-WFVVF,0,1,0,0,3,1,1,70.3,235.5,0,2,1,0,0,0,1,0,1,0,0,1,0,0,1,0,0,1,0,0,1,0,0,1,0,0,1,0,0,0,0,1,0,1,0,0,0
9229-RQABD,1,0,0,0,18,1,0,23.75,424.5,0,2,0,0,1,0,0,1,0,1,0,0,1,0,0,1,0,0,1,0,0,1,0,0,1,0,0,1,0,0,0,0,1,0,1,0,0
3936-QQFLL,1,0,0,0,2,1,0,19.75,39.3,0,1,1,0,0,0,0,1,0,1,0,0,1,0,0,1,0,0,1,0,0,1,0,0,1,0,1,0,0,0,0,0,1,1,0,0,0
3733-UOCWF,1,1,1,0,61,1,1,85.55,5251.75,1,5,0,0,1,0,1,0,1,0,0,0,0,1,1,0,0,0,0,1,1,0,0,1,0,0,0,1,0,1,0,0,0,0,0,0,1
6833-JMZYP,0,0,0,0,15,1,1,94.0,1505.45,0,5,1,0,0,0,1,0,1,0,0,1,0,0,0,0,1,1,0,0,0,0,1,0,0,1,1,0,0,0,1,0,0,0,1,0,0
9715-SBVSU,1,0,1,1,14,1,1,61.4,815.55,1,5,1,0,0,1,0,0,0,0,1,0,0,1,1,0,0,1,0,0,1,0,0,0,0,1,0,0,1,1,0,0,0,0,1,0,0
7879-CGSFV,1,0,0,0,55,1,1,100.9,5552.05,1,6,1,0,0,0,1,0,0,0,1,0,0,1,1,0,0,1,0,0,0,0,1,0,0,1,0,1,0,0,0,0,1,0,0,0,1
7000-WCEVQ,0,1,0,0,20,1,1,61.6,1174.35,0,4,0,0,1,1,0,0,1,0,0,1,0,0,1,0,0,1,0,0,1,0,0,0,0,1,1,0,0,0,0,0,1,0,1,0,0
2506-TNFCO,0,1,1,0,1,1,1,69.55,69.55,0,2,1,0,0,0,1,0,1,0,0,1,0,0,1,0,0,1,0,0,1,0,0,1,0,0,1,0,0,0,0,1,0,1,0,0,0
6538-POCHL,1,0,0,0,33,1,1,79.0,2576.8,0,4,1,0,0,0,1,0,1,0,0,0,0,1,0,0,1,1,0,0,1,0,0,1,0,0,1,0,0,0,1,0,0,0,0,1,0
6726-NNFWD,0,1,1,0,71,1,0,89.45,6435.25,0,5,1,0,0,0,1,0,1,0,0,0,0,1,0,0,1,1,0,0,1,0,0,0,0,1,0,0,1,0,1,0,0,0,0,0,1
2208-NKVVH,1,0,1,1,43,1,0,24.25,1077.95,0,2,0,0,1,0,0,1,0,1,0,0,1,0,0,1,0,0,1,0,0,1,0,0,1,0,0,0,1,0,0,0,1,0,0,1,0
7139-JZFVG,1,0,1,1,60,1,0,60.5,3694.45,1,5,1,0,0,1,0,0,0,0,1,0,0,1,0,0,1,1,0,0,1,0,0,1,0,0,0,0,1,1,0,0,0,0,0,0,1
5044-LRQAQ,0,0,1,0,7,1,1,69.2,477.55,0,2,1,0,0,0,1,0,1,0,0,1,0,0,1,0,0,1,0,0,1,0,0,1,0,0,1,0,0,1,0,0,0,1,0,0,0
3057-VJJQE,1,0,0,0,35,1,0,55.25,1924.1,1,4,0,0,1,1,0,0,0,0,1,1,0,0,1,0,0,1,0,0,1,0,0,1,0,0,0,0,1,0,0,0,1,0,0,1,0
5550-VFRLC,0,1,0,0,1,1,1,69.85,69.85,0,2,1,0,0,0,1,0,1,0,0,1,0,0,1,0,0,1,0,0,1,0,0,1,0,0,1,0,0,0,0,1,0,1,0,0,0
4929-BSTRX,0,0,0,0,1,1,1,53.55,53.55,0,3,1,0,0,1,0,0,1,0,0,1,0,0,1,0,0,1,0,0,0,0,1,1,0,0,1,0,0,0,0,0,1,1,0,0,0
5271-YNWVR,1,0,1,1,68,1,1,113.15,7856.0,1,9,0,0,1,0,1,0,0,0,1,0,0,1,0,0,1,0,0,1,0,0,1,0,0,1,0,0,1,0,0,1,0,0,0,0,1
7601-DHFWZ,0,0,0,0,48,1,0,24.0,1183.05,0,2,0,0,1,0,0,1,0,1,0,0,1,0,0,1,0,0,1,0,0,1,0,0,1,0,0,0,1,0,1,0,0,0,0,1,0
7253-UVNDW,0,0,0,0,46,1,0,54.35,2460.15,1,4,1,0,0,1,0,0,1,0,0,1,0,0,0,0,1,0,0,1,1,0,0,1,0,0,0,0,1,0,1,0,0,0,0,1,0
0487-VVUVK,1,0,1,1,25,1,1,19.15,477.6,0,1,1,0,0,0,0,1,0,1,0,0,1,0,0,1,0,0,1,0,0,1,0,0,1,0,1,0,0,0,0,0,1,0,0,1,0
3799-ISUZQ,1,0,1,1,7,1,1,69.95,529.5,0,2,1,0,0,0,1,0,1,0,0,1,0,0,1,0,0,1,0,0,1,0,0,1,0,0,1,0,0,1,0,0,0,1,0,0,0
8049-WJCLQ,1,0,1,1,10,1,0,60.2,563.5,0,4,1,0,0,1,0,0,1,0,0,1,0,0,0,0,1,1,0,0,0,0,1,1,0,0,1,0,0,0,0,0,1,1,0,0,0
1222-LRYKO,1,0,0,1,6,1,0,26.35,184.05,0,2,0,0,1,0,0,1,0,1,0,0,1,0,0,1,0,0,1,0,0,1,0,0,1,0,1,0,0,0,0,0,1,1,0,0,0
7812-FZHPE,0,0,1,1,17,1,0,24.1,409.9,0,2,0,0,1,0,0,1,0,1,0,0,1,0,0,1,0,0,1,0,0,1,0,0,1,0,1,0,0,0,0,0,1,0,1,0,0
4369-HTUIF,1,1,0,0,6,1,1,85.15,503.6,1,4,1,0,0,0,1,0,0,0,1,1,0,0,1,0,0,1,0,0,0,0,1,1,0,0,1,0,0,1,0,0,0,1,0,0,0
0983-TATYJ,0,0,1,0,33,1,1,51.45,1758.9,1,3,1,0,0,1,0,0,1,0,0,1,0,0,1,0,0,0,0,1,1,0,0,1,0,0,0,1,0,0,0,0,1,0,0,1,0
6719-OXYBR,1,0,0,0,15,1,0,85.3,1219.85,0,4,1,0,0,0,1,0,1,0,0,1,0,0,0,0,1,1,0,0,0,0,1,1,0,0,1,0,0,0,0,1,0,0,1,0,0
6297-NOOPG,0,0,1,0,70,1,1,110.5,7752.05,1,8,0,0,1,0,1,0,1,0,0,0,0,1,0,0,1,0,0,1,0,0,1,0,0,1,0,0,1,0,0,1,0,0,0,0,1
8903-XEBGX,1,0,0,1,2,1,1,55.3,108.65,0,3,1,0,0,1,0,0,1,0,0,1,0,0,1,0,0,1,0,0,1,0,0,0,0,1,1,0,0,0,0,1,0,1,0,0,0
6064-ZATLR,0,0,0,0,27,1,0,52.85,1498.65,1,4,1,0,0,1,0,0,0,0,1,0,0,1,1,0,0,1,0,0,1,0,0,1,0,0,0,0,1,1,0,0,0,0,0,1,0
7824-PANSQ,1,0,0,0,58,1,0,80.65,4807.35,1,4,0,0,1,0,1,0,1,0,0,1,0,0,1,0,0,0,0,1,1,0,0,1,0,0,1,0,0,1,0,0,0,0,0,0,1
9648-BCHKM,0,0,1,1,18,1,1,24.65,471.35,0,2,0,0,1,0,0,1,0,1,0,0,1,0,0,1,0,0,1,0,0,1,0,0,1,0,0,0,1,0,1,0,0,0,1,0,0
5135-GRQJV,1,1,1,0,72,1,1,114.5,8331.95,1,9,0,0,1,0,1,0,0,0,1,0,0,1,0,0,1,0,0,1,0,0,1,0,0,1,0,0,1,0,0,0,1,0,0,0,1
6349-JDHQP,0,0,0,0,53,1,0,19.85,1049.6,0,1,1,0,0,0,0,1,0,1,0,0,1,0,0,1,0,0,1,0,0,1,0,0,1,0,0,0,1,0,1,0,0,0,0,0,1
1116-FRYVH,0,0,1,1,48,0,0,39.4,1978.65,1,4,0,1,0,1,0,0,0,0,1,0,0,1,1,0,0,0,0,1,1,0,0,1,0,0,0,0,1,0,0,0,1,0,0,1,0
1421-HCERK,1,1,1,0,30,1,1,105.7,3181.8,1,8,0,0,1,0,1,0,0,0,1,0,0,1,0,0,1,0,0,1,0,0,1,1,0,0,1,0,0,1,0,0,0,0,0,1,0
8679-LZBMD,1,0,1,0,44,1,1,90.65,3974.15,0,4,1,0,0,0,1,0,1,0,0,1,0,0,1,0,0,1,0,0,0,0,1,0,0,1,0,1,0,1,0,0,0,0,0,1,0
4057-FKCZK,1,0,1,1,58,1,0,82.5,4828.05,0,4,0,0,1,0,1,0,1,0,0,1,0,0,1,0,0,1,0,0,0,0,1,1,0,0,0,0,1,1,0,0,0,0,0,0,1
4291-TPNFG,1,0,1,0,72,1,1,82.3,5980.55,1,8,0,0,1,1,0,0,0,0,1,0,0,1,0,0,1,0,0,1,1,0,0,0,0,1,0,0,1,1,0,0,0,0,0,0,1
1415-YFWLT,0,1,0,0,1,1,1,89.3,89.3,0,4,1,0,0,0,1,0,1,0,0,1,0,0,1,0,0,1,0,0,0,0,1,0,0,1,1,0,0,0,0,1,0,1,0,0,0
8066-POXGX,0,0,0,0,13,0,1,35.1,446.1,0,2,0,1,0,1,0,0,1,0,0,1,0,0,1,0,0,1,0,0,1,0,0,0,0,1,1,0,0,0,0,1,0,0,1,0,0
3570-YUEKJ,0,0,0,0,42,1,1,49.55,2077.95,0,3,1,0,0,1,0,0,1,0,0,0,0,1,1,0,0,1,0,0,1,0,0,1,0,0,1,0,0,0,0,1,0,0,0,1,0
7854-EKTJL,0,0,0,1,2,1,1,19.6,35.85,0,1,1,0,0,0,0,1,0,1,0,0,1,0,0,1,0,0,1,0,0,1,0,0,1,0,1,0,0,0,0,1,0,1,0,0,0
8464-EETCQ,1,0,0,0,57,1,0,18.8,1094.35,0,1,1,0,0,0,0,1,0,1,0,0,1,0,0,1,0,0,1,0,0,1,0,0,1,0,0,0,1,0,1,0,0,0,0,0,1
6754-LZUKA,1,0,1,0,61,1,0,80.9,4932.5,0,7,0,0,1,1,0,0,1,0,0,0,0,1,0,0,1,1,0,0,0,0,1,0,0,1,0,0,1,1,0,0,0,0,0,0,1
3422-LYEPQ,1,0,1,1,1,1,1,71.0,71.0,0,2,1,0,0,0,1,0,1,0,0,1,0,0,1,0,0,1,0,0,1,0,0,1,0,0,1,0,0,0,0,1,0,1,0,0,0
9066-QRSDU,0,0,1,0,69,1,1,26.3,1763.55,0,2,0,0,1,0,0,1,0,1,0,0,1,0,0,1,0,0,1,0,0,1,0,0,1,0,0,1,0,0,0,1,0,0,0,0,1
1363-TXLSL,1,1,1,0,1,1,1,70.3,70.3,0,2,1,0,0,0,1,0,1,0,0,1,0,0,1,0,0,1,0,0,1,0,0,1,0,0,1,0,0,0,0,1,0,1,0,0,0
6017-PPLPX,1,0,1,1,20,1,1,70.45,1470.95,0,2,1,0,0,0,1,0,1,0,0,1,0,0,1,0,0,1,0,0,1,0,0,1,0,0,1,0,0,0,0,1,0,0,1,0,0
2905-KFQUV,0,0,1,0,2,1,1,70.4,154.8,0,2,1,0,0,0,1,0,1,0,0,1,0,0,1,0,0,1,0,0,1,0,0,1,0,0,1,0,0,0,1,0,0,1,0,0,0
2621-UDNLU,0,0,1,0,3,1,0,20.85,72.0,0,1,1,0,0,0,0,1,0,1,0,0,1,0,0,1,0,0,1,0,0,1,0,0,1,0,1,0,0,0,0,0,1,1,0,0,0
0562-HKHML,1,0,1,1,71,1,0,23.9,1626.4,0,2,0,0,1,0,0,1,0,1,0,0,1,0,0,1,0,0,1,0,0,1,0,0,1,0,0,0,1,0,1,0,0,0,0,0,1
6172-FECYY,1,0,1,1,49,1,0,84.5,4254.85,0,4,0,0,1,0,1,0,1,0,0,1,0,0,1,0,0,1,0,0,0,0,1,1,0,0,1,0,0,0,0,1,0,0,0,0,1
0856-NAOES,1,0,0,0,6,1,0,60.9,414.1,0,4,1,0,0,1,0,0,1,0,0,1,0,0,0,0,1,1,0,0,0,0,1,1,0,0,1,0,0,0,0,0,1,1,0,0,0
7248-VZQLC,0,1,0,0,47,1,1,85.2,3969.35,0,5,0,0,1,0,1,0,1,0,0,0,0,1,0,0,1,1,0,0,1,0,0,1,0,0,1,0,0,1,0,0,0,0,0,1,0
1840-BIUOG,1,0,0,0,20,1,1,68.7,1416.2,1,6,0,0,1,1,0,0,1,0,0,0,0,1,1,0,0,0,0,1,0,0,1,1,0,0,0,1,0,0,0,1,0,0,1,0,0
8398-TBIYD,0,0,0,0,72,1,1,84.7,6185.15,1,5,0,0,1,0,1,0,0,0,1,1,0,0,1,0,0,0,0,1,1,0,0,1,0,0,0,0,1,1,0,0,0,0,0,0,1
2931-FSOHN,1,1,0,0,13,1,1,59.9,788.35,0,4,1,0,0,1,0,0,1,0,0,0,0,1,1,0,0,1,0,0,0,0,1,1,0,0,1,0,0,0,0,1,0,0,1,0,0
7951-QKZPL,0,0,1,1,33,1,1,24.5,740.3,0,2,0,0,1,0,0,1,0,1,0,0,1,0,0,1,0,0,1,0,0,1,0,0,1,0,0,0,1,0,0,0,1,0,0,1,0
6859-RKMZJ,1,0,1,0,11,1,1,55.05,608.15,0,3,1,0,0,1,0,0,1,0,0,1,0,0,1,0,0,1,0,0,0,0,1,1,0,0,1,0,0,1,0,0,0,1,0,0,0
1522-VVDMG,1,0,1,1,7,1,1,89.75,608.8,1,5,1,0,0,0,1,0,1,0,0,0,0,1,1,0,0,0,0,1,0,0,1,1,0,0,1,0,0,0,0,1,0,1,0,0,0
7049-GKVZY,0,0,0,0,17,1,0,79.85,1387.35,1,7,1,0,0,1,0,0,0,0,1,0,0,1,1,0,0,0,0,1,0,0,1,0,0,1,0,1,0,0,1,0,0,0,1,0,0
3721-CNZHX,1,0,0,0,15,1,0,19.8,304.6,0,1,1,0,0,0,0,1,0,1,0,0,1,0,0,1,0,0,1,0,0,1,0,0,1,0,0,1,0,0,0,0,1,0,1,0,0
5567-WSELE,1,1,1,0,3,1,1,94.6,279.55,0,5,0,0,1,0,1,0,1,0,0,1,0,0,1,0,0,1,0,0,0,0,1,0,0,1,1,0,0,0,0,1,0,1,0,0,0
5656-JAMLX,1,0,0,0,62,1,0,19.85,1253.65,0,1,1,0,0,0,0,1,0,1,0,0,1,0,0,1,0,0,1,0,0,1,0,0,1,0,0,0,1,1,0,0,0,0,0,0,1
4367-NHWMM,0,0,0,0,1,0,1,24.9,24.9,0,1,0,1,0,1,0,0,1,0,0,1,0,0,1,0,0,1,0,0,1,0,0,1,0,0,1,0,0,0,0,0,1,1,0,0,0
0440-MOGPM,0,0,0,0,41,1,1,80.55,3263.9,0,7,0,0,1,1,0,0,1,0,0,0,0,1,0,0,1,1,0,0,0,0,1,0,0,1,0,1,0,0,0,1,0,0,0,1,0
4770-QAZXN,0,0,0,0,13,1,0,19.45,232.1,0,1,1,0,0,0,0,1,0,1,0,0,1,0,0,1,0,0,1,0,0,1,0,0,1,0,1,0,0,0,1,0,0,0,1,0,0
0613-WUXUM,0,0,1,1,70,1,1,19.2,1401.4,0,1,1,0,0,0,0,1,0,1,0,0,1,0,0,1,0,0,1,0,0,1,0,0,1,0,0,0,1,0,0,0,1,0,0,0,1
4458-KVRBJ,1,0,0,0,59,1,0,25.0,1510.5,0,2,0,0,1,0,0,1,0,1,0,0,1,0,0,1,0,0,1,0,0,1,0,0,1,0,0,0,1,0,0,0,1,0,0,0,1
5119-KEPFY,1,0,1,0,36,1,1,95.0,3440.25,0,5,0,0,1,0,1,0,1,0,0,1,0,0,1,0,0,1,0,0,0,0,1,0,0,1,1,0,0,1,0,0,0,0,0,1,0
0690-SRQID,1,0,0,0,4,1,1,19.65,67.55,0,1,1,0,0,0,0,1,0,1,0,0,1,0,0,1,0,0,1,0,0,1,0,0,1,0,1,0,0,0,0,0,1,1,0,0,0
3308-DGHKL,1,0,0,0,69,1,1,19.3,1447.9,0,1,1,0,0,0,0,1,0,1,0,0,1,0,0,1,0,0,1,0,0,1,0,0,1,0,0,0,1,1,0,0,0,0,0,0,1
0623-EJQEG,1,0,0,0,65,1,0,93.55,6069.25,1,6,0,0,1,0,1,0,0,0,1,1,0,0,1,0,0,0,0,1,1,0,0,0,0,1,0,1,0,0,0,1,0,0,0,0,1
7153-CHRBV,0,0,1,1,57,1,1,59.3,3274.35,1,5,1,0,0,1,0,0,0,0,1,1,0,0,0,0,1,0,0,1,1,0,0,1,0,0,0,1,0,0,0,0,1,0,0,0,1
9190-MFJLN,1,1,0,0,19,1,1,95.9,1777.9,0,5,1,0,0,0,1,0,1,0,0,1,0,0,0,0,1,1,0,0,0,0,1,0,0,1,1,0,0,0,1,0,0,0,1,0,0
1095-JUDTC,0,1,0,0,47,1,1,95.05,4504.55,1,6,0,0,1,0,1,0,1,0,0,0,0,1,1,0,0,0,0,1,0,0,1,1,0,0,1,0,0,0,0,1,0,0,0,1,0
0870-VEMYL,0,0,0,0,5,1,0,53.85,259.8,1,4,1,0,0,1,0,0,0,0,1,1,0,0,1,0,0,0,0,1,1,0,0,1,0,0,1,0,0,0,1,0,0,1,0,0,0
3627-FCRDW,0,0,0,0,9,1,0,71.0,672.55,0,2,1,0,0,0,1,0,1,0,0,1,0,0,1,0,0,1,0,0,1,0,0,1,0,0,1,0,0,0,0,1,0,1,0,0,0
3427-GGZZI,0,0,1,0,19,1,1,89.1,1620.8,0,5,0,0,1,0,1,0,1,0,0,0,0,1,1,0,0,1,0,0,1,0,0,0,0,1,1,0,0,0,0,1,0,0,1,0,0
4937-QPZPO,1,0,1,1,61,1,1,99.9,6241.35,0,6,0,0,1,0,1,0,1,0,0,1,0,0,0,0,1,1,0,0,0,0,1,0,0,1,0,1,0,0,0,1,0,0,0,0,1
1585-MQSSU,1,0,0,0,17,1,0,51.5,900.5,1,3,1,0,0,1,0,0,1,0,0,1,0,0,1,0,0,0,0,1,1,0,0,1,0,0,1,0,0,0,0,0,1,0,1,0,0
6769-DYBQN,1,1,0,0,46,1,0,85.0,3969.4,1,4,1,0,0,0,1,0,0,0,1,1,0,0,1,0,0,1,0,0,1,0,0,0,0,1,1,0,0,0,0,1,0,0,0,1,0
7162-WPHPM,1,0,1,1,58,1,0,71.6,4230.25,1,7,0,0,1,1,0,0,0,0,1,0,0,1,0,0,1,0,0,1,1,0,0,1,0,0,0,0,1,0,1,0,0,0,0,0,1
1496-GGSUK,0,1,0,0,1,0,1,25.7,25.7,0,1,0,1,0,1,0,0,1,0,0,1,0,0,1,0,0,1,0,0,1,0,0,1,0,0,1,0,0,0,0,0,1,1,0,0,0
8878-HMWBV,1,0,0,0,3,1,1,49.15,169.05,0,3,1,0,0,1,0,0,1,0,0,1,0,0,0,0,1,1,0,0,1,0,0,1,0,0,1,0,0,0,0,1,0,1,0,0,0
4759-PXTAN,0,0,1,0,59,1,1,80.1,4693.2,1,7,0,0,1,1,0,0,1,0,0,0,0,1,1,0,0,0,0,1,0,0,1,0,0,1,0,1,0,0,0,1,0,0,0,0,1
9933-QRGTX,0,0,1,0,60,1,1,97.2,5611.75,1,6,1,0,0,0,1,0,0,0,1,1,0,0,1,0,0,0,0,1,0,0,1,0,0,1,0,0,1,0,0,1,0,0,0,0,1
7208-PSIHR,0,0,1,0,70,1,1,104.3,7188.5,1,7,0,0,1,0,1,0,1,0,0,1,0,0,0,0,1,0,0,1,0,0,1,0,0,1,0,0,1,1,0,0,0,0,0,0,1
7435-ZNUYY,1,0,0,0,6,1,0,20.6,116.6,0,1,1,0,0,0,0,1,0,1,0,0,1,0,0,1,0,0,1,0,0,1,0,0,1,0,0,1,0,0,0,0,1,1,0,0,0
2717-HVIZY,0,0,0,1,8,1,0,20.05,163.6,0,1,1,0,0,0,0,1,0,1,0,0,1,0,0,1,0,0,1,0,0,1,0,0,1,0,1,0,0,0,0,0,1,1,0,0,0
6308-CQRBU,0,0,1,0,71,1,0,109.25,7707.7,1,8,0,0,1,0,1,0,1,0,0,0,0,1,0,0,1,0,0,1,0,0,1,0,0,1,0,0,1,0,0,1,0,0,0,0,1
3043-SUDUA,0,0,0,0,32,1,0,19.9,601.55,0,1,1,0,0,0,0,1,0,1,0,0,1,0,0,1,0,0,1,0,0,1,0,0,1,0,1,0,0,1,0,0,0,0,0,1,0
9921-QFQUL,0,0,1,0,23,1,0,90.15,2044.95,0,5,0,0,1,0,1,0,1,0,0,1,0,0,0,0,1,1,0,0,1,0,0,0,0,1,1,0,0,0,0,0,1,0,1,0,0
9330-IJWIO,0,0,0,0,13,1,1,100.35,1358.85,1,6,0,0,1,0,1,0,0,0,1,1,0,0,1,0,0,1,0,0,0,0,1,0,0,1,1,0,0,0,0,1,0,0,1,0,0
6856-RAURS,0,0,0,0,2,1,1,74.9,136.05,0,3,0,0,1,0,1,0,1,0,0,1,0,0,1,0,0,1,0,0,1,0,0,1,0,0,1,0,0,0,0,0,1,1,0,0,0
6734-FQAJX,1,1,0,0,67,1,1,105.05,7171.7,1,7,1,0,0,0,1,0,0,0,1,0,0,1,1,0,0,0,0,1,0,0,1,0,0,1,0,0,1,0,0,1,0,0,0,0,1
2869-ADAWR,0,0,0,0,45,1,1,89.3,4016.85,0,5,0,0,1,0,1,0,1,0,0,0,0,1,1,0,0,1,0,0,0,0,1,1,0,0,1,0,0,0,1,0,0,0,0,1,0
0943-ZQPXH,1,0,1,1,44,1,1,92.95,4122.9,0,5,1,0,0,0,1,0,1,0,0,1,0,0,0,0,1,1,0,0,0,0,1,0,0,1,1,0,0,1,0,0,0,0,0,1,0
9853-JFZDU,0,0,1,0,35,1,0,56.85,1861.1,1,4,1,0,0,1,0,0,1,0,0,0,0,1,1,0,0,0,0,1,1,0,0,1,0,0,1,0,0,0,0,1,0,0,0,1,0
1963-VAUKV,0,0,0,0,1,1,0,20.4,20.4,0,1,1,0,0,0,0,1,0,1,0,0,1,0,0,1,0,0,1,0,0,1,0,0,1,0,1,0,0,0,0,0,1,1,0,0,0
3466-RITXD,1,0,0,0,26,1,1,92.4,2349.8,1,6,0,0,1,0,1,0,0,0,1,0,0,1,1,0,0,1,0,0,0,0,1,1,0,0,1,0,0,0,1,0,0,0,0,1,0
3653-NCRDJ,1,0,1,1,43,1,1,19.2,776.25,0,1,1,0,0,0,0,1,0,1,0,0,1,0,0,1,0,0,1,0,0,1,0,0,1,0,0,1,0,0,0,0,1,0,0,1,0
6034-ZRYCV,0,0,1,0,72,0,1,54.2,3937.45,0,5,0,1,0,1,0,0,1,0,0,0,0,1,0,0,1,1,0,0,0,0,1,0,0,1,0,0,1,0,0,1,0,0,0,0,1
8221-EQDGL,1,0,1,0,35,1,0,61.0,2130.45,1,5,1,0,0,1,0,0,0,0,1,0,0,1,0,0,1,1,0,0,1,0,0,1,0,0,1,0,0,0,0,0,1,0,0,1,0
0298-XACET,1,0,1,1,52,0,0,50.2,2554.0,1,5,0,1,0,1,0,0,1,0,0,0,0,1,0,0,1,0,0,1,0,0,1,1,0,0,0,0,1,0,0,0,1,0,0,0,1
5084-OOVCJ,0,0,1,1,17,1,1,55.35,920.5,1,4,1,0,0,1,0,0,0,0,1,1,0,0,1,0,0,0,0,1,1,0,0,1,0,0,1,0,0,0,1,0,0,0,1,0,0
2205-LPVGL,1,1,1,1,58,1,1,89.85,5125.75,1,6,0,0,1,0,1,0,0,0,1,0,0,1,1,0,0,0,0,1,1,0,0,1,0,0,0,1,0,1,0,0,0,0,0,0,1
0419-YAAPX,1,0,1,0,49,1,1,85.3,4297.95,0,4,1,0,0,0,1,0,1,0,0,0,0,1,1,0,0,1,0,0,0,0,1,1,0,0,1,0,0,0,1,0,0,0,0,0,1
3094-JOJAI,1,0,0,0,18,1,0,74.15,1387.0,0,3,0,0,1,0,1,0,1,0,0,1,0,0,1,0,0,1,0,0,1,0,0,1,0,0,1,0,0,0,0,0,1,0,1,0,0
7945-PRBVF,1,0,0,0,35,1,0,21.45,705.45,0,1,1,0,0,0,0,1,0,1,0,0,1,0,0,1,0,0,1,0,0,1,0,0,1,0,0,0,1,1,0,0,0,0,0,1,0
3518-FSTWG,1,1,1,0,72,1,1,109.55,7920.7,1,8,0,0,1,0,1,0,0,0,1,0,0,1,0,0,1,1,0,0,0,0,1,0,0,1,0,0,1,1,0,0,0,0,0,0,1
3644-QXEHN,1,0,1,1,13,1,0,97.0,1334.45,0,5,1,0,0,0,1,0,1,0,0,1,0,0,0,0,1,1,0,0,0,0,1,0,0,1,1,0,0,0,0,1,0,0,1,0,0
0488-GSLFR,0,0,0,0,1,1,1,69.5,69.5,0,2,1,0,0,0,1,0,1,0,0,1,0,0,1,0,0,1,0,0,1,0,0,1,0,0,1,0,0,0,0,1,0,1,0,0,0
3985-HOYPM,1,0,0,0,26,1,0,19.4,525.55,0,1,1,0,0,0,0,1,0,1,0,0,1,0,0,1,0,0,1,0,0,1,0,0,1,0,0,1,0,0,0,0,1,0,0,1,0
6103-QCKFX,0,0,1,1,44,1,0,56.25,2419.55,1,4,1,0,0,1,0,0,0,0,1,1,0,0,1,0,0,0,0,1,1,0,0,1,0,0,1,0,0,1,0,0,0,0,0,1,0
0572-ZJKLT,0,0,1,1,46,1,0,99.65,4630.2,1,7,0,0,1,0,1,0,0,0,1,1,0,0,0,0,1,0,0,1,1,0,0,0,0,1,0,0,1,0,0,0,1,0,0,1,0
2754-VDLTR,1,0,0,1,10,1,0,95.2,930.4,0,5,0,0,1,0,1,0,1,0,0,1,0,0,1,0,0,1,0,0,0,0,1,0,0,1,1,0,0,0,0,1,0,1,0,0,0
0520-FDVVT,1,0,0,0,35,1,1,102.35,3626.1,0,6,1,0,0,0,1,0,1,0,0,0,0,1,0,0,1,1,0,0,0,0,1,0,0,1,0,1,0,1,0,0,0,0,0,1,0
3315-TOTBP,1,0,0,0,15,1,1,76.0,1130.85,0,3,0,0,1,0,1,0,1,0,0,1,0,0,1,0,0,1,0,0,1,0,0,1,0,0,1,0,0,0,0,0,1,0,1,0,0
5012-YSPJJ,1,0,1,1,31,1,0,54.35,1647.0,1,4,1,0,0,1,0,0,1,0,0,1,0,0,0,0,1,0,0,1,1,0,0,1,0,0,1,0,0,0,0,0,1,0,0,1,0
5909-ECHUI,0,0,0,0,1,1,1,56.25,56.25,0,3,1,0,0,1,0,0,1,0,0,1,0,0,1,0,0,1,0,0,1,0,0,0,0,1,1,0,0,0,0,1,0,1,0,0,0
1427-VERSM,0,0,1,0,56,1,1,98.7,5669.5,1,6,1,0,0,0,1,0,1,0,0,1,0,0,0,0,1,0,0,1,0,0,1,0,0,1,1,0,0,0,0,1,0,0,0,0,1
2342-CKIAO,0,0,0,0,2,1,0,20.3,41.2,0,1,1,0,0,0,0,1,0,1,0,0,1,0,0,1,0,0,1,0,0,1,0,0,1,0,1,0,0,0,0,0,1,1,0,0,0
4701-AHWMW,1,0,1,0,55,0,1,54.55,2978.3,1,5,0,1,0,1,0,0,1,0,0,1,0,0,0,0,1,0,0,1,0,0,1,0,0,1,1,0,0,1,0,0,0,0,0,0,1
6169-PGNCD,0,0,0,0,57,1,1,74.3,4166.35,1,7,1,0,0,1,0,0,0,0,1,0,0,1,0,0,1,0,0,1,0,0,1,1,0,0,0,0,1,0,1,0,0,0,0,0,1
9600-NAXZN,1,0,0,0,43,1,1,101.4,4528.0,0,6,0,0,1,0,1,0,1,0,0,0,0,1,1,0,0,1,0,0,0,0,1,0,0,1,1,0,0,0,0,1,0,0,0,1,0
3319-DWOEP,1,1,1,0,6,1,1,95.75,573.75,0,5,1,0,0,0,1,0,1,0,0,1,0,0,0,0,1,1,0,0,0,0,1,0,0,1,1,0,0,0,0,1,0,1,0,0,0
1925-TIBLE,0,0,1,0,7,1,1,86.5,582.5,0,4,0,0,1,0,1,0,1,0,0,1,0,0,1,0,0,1,0,0,0,0,1,1,0,0,1,0,0,0,0,1,0,1,0,0,0
2061-VVFST,0,0,1,0,37,1,0,19.5,805.2,0,1,1,0,0,0,0,1,0,1,0,0,1,0,0,1,0,0,1,0,0,1,0,0,1,0,1,0,0,1,0,0,0,0,0,1,0
2380-DAMQP,0,0,1,0,72,1,0,115.15,8349.7,1,9,0,0,1,0,1,0,0,0,1,0,0,1,0,0,1,0,0,1,0,0,1,0,0,1,0,0,1,0,0,1,0,0,0,0,1
5245-VDBUR,0,0,1,0,52,0,0,35.45,1958.95,1,3,0,1,0,1,0,0,0,0,1,1,0,0,0,0,1,1,0,0,1,0,0,1,0,0,0,1,0,0,0,0,1,0,0,0,1
1241-FPMOF,1,0,0,0,52,1,0,19.65,1025.05,0,1,1,0,0,0,0,1,0,1,0,0,1,0,0,1,0,0,1,0,0,1,0,0,1,0,0,0,1,0,0,0,1,0,0,0,1
9003-CPATH,1,0,0,0,42,1,0,79.9,3313.4,0,4,0,0,1,0,1,0,1,0,0,1,0,0,0,0,1,1,0,0,1,0,0,1,0,0,1,0,0,0,0,1,0,0,0,1,0
7956-XQWGU,1,0,0,0,27,1,1,19.4,460.25,0,1,1,0,0,0,0,1,0,1,0,0,1,0,0,1,0,0,1,0,0,1,0,0,1,0,1,0,0,0,1,0,0,0,0,1,0
5115-SQAAU,0,0,1,1,69,1,1,25.6,1673.4,0,2,0,0,1,0,0,1,0,1,0,0,1,0,0,1,0,0,1,0,0,1,0,0,1,0,0,0,1,1,0,0,0,0,0,0,1
9739-JLPQJ,0,0,1,1,72,1,0,117.5,8670.1,1,9,0,0,1,0,1,0,0,0,1,0,0,1,0,0,1,0,0,1,0,0,1,0,0,1,0,0,1,0,1,0,0,0,0,0,1
0076-LVEPS,1,0,0,1,29,0,1,45.0,1242.45,1,5,0,1,0,1,0,0,0,0,1,0,0,1,0,0,1,0,0,1,1,0,0,1,0,0,1,0,0,0,0,0,1,0,0,1,0
9820-RMCQV,0,0,0,0,11,1,0,48.55,501.0,1,3,1,0,0,1,0,0,0,0,1,1,0,0,1,0,0,1,0,0,1,0,0,1,0,0,1,0,0,0,1,0,0,1,0,0,0
3174-RKMOW,1,0,1,1,35,1,1,109.95,3782.4,1,8,0,0,1,0,1,0,1,0,0,0,0,1,0,0,1,0,0,1,0,0,1,0,0,1,1,0,0,0,0,1,0,0,0,1,0
8071-SBTRN,0,0,0,0,70,1,1,111.15,7737.55,1,8,0,0,1,0,1,0,0,0,1,0,0,1,0,0,1,1,0,0,0,0,1,0,0,1,0,0,1,0,0,0,1,0,0,0,1
2030-BTZRO,1,0,1,1,6,1,1,20.4,107.6,0,1,1,0,0,0,0,1,0,1,0,0,1,0,0,1,0,0,1,0,0,1,0,0,1,0,0,0,1,0,1,0,0,1,0,0,0
4707-MAXGU,1,0,1,0,72,1,0,25.85,1872.2,0,2,0,0,1,0,0,1,0,1,0,0,1,0,0,1,0,0,1,0,0,1,0,0,1,0,0,0,1,0,1,0,0,0,0,0,1
2025-JKFWI,1,0,0,0,13,1,1,99.0,1301.7,1,6,0,0,1,0,1,0,1,0,0,1,0,0,1,0,0,0,0,1,0,0,1,0,0,1,1,0,0,0,0,0,1,0,1,0,0
9940-HPQPG,0,0,1,0,9,1,0,91.75,865.8,1,6,0,0,1,0,1,0,0,0,1,0,0,1,0,0,1,1,0,0,1,0,0,1,0,0,1,0,0,1,0,0,0,1,0,0,0
6897-UUBNU,1,0,0,0,29,1,0,89.65,2623.65,1,5,1,0,0,0,1,0,1,0,0,0,0,1,1,0,0,0,0,1,0,0,1,1,0,0,1,0,0,0,0,0,1,0,0,1,0
8465-SBRXP,1,0,1,1,38,1,1,94.9,3616.25,1,6,0,0,1,0,1,0,1,0,0,1,0,0,0,0,1,0,0,1,0,0,1,1,0,0,0,0,1,1,0,0,0,0,0,1,0
9700-ZCLOT,1,0,0,0,2,1,0,20.0,32.7,0,1,1,0,0,0,0,1,0,1,0,0,1,0,0,1,0,0,1,0,0,1,0,0,1,0,1,0,0,0,0,0,1,1,0,0,0
8738-JOKAR,0,0,0,0,42,1,1,67.7,2882.25,1,6,1,0,0,1,0,0,0,0,1,0,0,1,1,0,0,0,0,1,1,0,0,0,0,1,0,1,0,0,0,0,1,0,0,1,0
0402-CQAJN,0,0,0,0,37,1,1,101.9,3545.35,0,7,0,0,1,0,1,0,1,0,0,0,0,1,0,0,1,1,0,0,0,0,1,0,0,1,1,0,0,1,0,0,0,0,0,1,0
6692-UDPJC,0,0,1,1,14,1,1,91.65,1301.0,1,5,0,0,1,0,1,0,1,0,0,1,0,0,1,0,0,0,0,1,0,0,1,1,0,0,1,0,0,0,0,1,0,0,1,0,0
8792-AOROI,0,0,1,0,8,1,0,65.5,564.35,1,5,1,0,0,1,0,0,0,0,1,1,0,0,1,0,0,0,0,1,1,0,0,0,0,1,0,0,1,0,0,0,1,1,0,0,0
5297-MDOIR,0,0,1,0,63,1,1,81.15,5224.5,1,4,1,0,0,0,1,0,0,0,1,1,0,0,0,0,1,1,0,0,1,0,0,1,0,0,0,1,0,0,1,0,0,0,0,0,1
6369-MCAKO,0,0,1,1,68,1,1,89.05,6185.8,1,9,0,0,1,1,0,0,0,0,1,0,0,1,0,0,1,0,0,1,0,0,1,0,0,1,0,0,1,1,0,0,0,0,0,0,1
0682-USIXD,0,0,1,0,21,1,1,86.05,1818.9,1,4,1,0,0,0,1,0,1,0,0,1,0,0,1,0,0,0,0,1,0,0,1,1,0,0,1,0,0,0,0,1,0,0,1,0,0
8065-QBYTO,0,1,0,0,71,1,1,99.65,7181.25,1,7,0,0,1,0,1,0,0,0,1,0,0,1,1,0,0,0,0,1,0,0,1,1,0,0,0,1,0,0,1,0,0,0,0,0,1
2133-TSRRM,0,0,0,1,34,1,1,105.35,3688.6,1,7,1,0,0,0,1,0,0,0,1,0,0,1,0,0,1,1,0,0,0,0,1,0,0,1,1,0,0,1,0,0,0,0,0,1,0
7470-DYNOE,1,0,0,0,53,1,1,61.1,3357.9,0,4,1,0,0,1,0,0,1,0,0,1,0,0,0,0,1,1,0,0,1,0,0,0,0,1,0,1,0,0,0,1,0,0,0,0,1
4459-BBGHE,1,0,0,1,30,0,1,44.5,1307.8,0,3,0,1,0,1,0,0,1,0,0,1,0,0,1,0,0,1,0,0,0,0,1,0,0,1,1,0,0,0,0,1,0,0,0,1,0
9945-PSVIP,0,0,1,1,25,1,1,18.7,383.65,0,1,1,0,0,0,0,1,0,1,0,0,1,0,0,1,0,0,1,0,0,1,0,0,1,0,0,0,1,0,0,0,1,0,0,1,0
2215-ZAFGX,1,0,0,0,9,1,1,85.5,791.7,0,4,0,0,1,0,1,0,1,0,0,1,0,0,1,0,0,1,0,0,0,0,1,1,0,0,1,0,0,0,0,1,0,1,0,0,0
8213-TAZPM,0,0,1,1,69,1,1,108.75,7493.05,1,8,0,0,1,0,1,0,1,0,0,0,0,1,0,0,1,0,0,1,0,0,1,0,0,1,0,1,0,1,0,0,0,0,0,0,1
6502-MJQAE,1,0,0,0,1,1,1,69.6,69.6,0,2,1,0,0,0,1,0,1,0,0,1,0,0,1,0,0,1,0,0,1,0,0,1,0,0,1,0,0,0,0,1,0,1,0,0,0
2758-RNWXS,1,0,0,0,35,1,1,89.2,3251.3,1,5,1,0,0,0,1,0,0,0,1,1,0,0,1,0,0,0,0,1,1,0,0,0,0,1,0,1,0,0,0,1,0,0,0,1,0
3454-JFUBC,1,1,0,0,68,1,1,20.0,1396.0,0,1,1,0,0,0,0,1,0,1,0,0,1,0,0,1,0,0,1,0,0,1,0,0,1,0,0,0,1,0,1,0,0,0,0,0,1
2451-YMUXS,1,1,0,0,67,1,1,64.55,4250.1,1,6,0,0,1,1,0,0,0,0,1,0,0,1,1,0,0,0,0,1,1,0,0,1,0,0,0,0,1,1,0,0,0,0,0,0,1
5568-DMXZS,0,0,0,0,8,1,1,65.45,554.45,1,5,1,0,0,1,0,0,1,0,0,0,0,1,1,0,0,0,0,1,0,0,1,1,0,0,1,0,0,0,0,1,0,1,0,0,0
6447-GORXK,1,0,0,1,31,0,0,25.0,789.2,0,1,0,1,0,1,0,0,1,0,0,1,0,0,1,0,0,1,0,0,1,0,0,1,0,0,1,0,0,0,1,0,0,0,0,1,0
6075-SLNIL,1,0,0,0,38,1,1,95.1,3691.2,0,6,0,0,1,0,1,0,1,0,0,0,0,1,0,0,1,1,0,0,1,0,0,0,0,1,1,0,0,0,1,0,0,0,0,1,0
6691-CCIHA,0,0,1,0,62,1,1,84.95,5150.55,1,8,0,0,1,1,0,0,0,0,1,0,0,1,1,0,0,0,0,1,0,0,1,0,0,1,0,0,1,0,0,1,0,0,0,0,1
1471-GIQKQ,0,0,0,0,1,1,0,49.95,49.95,0,3,1,0,0,1,0,0,1,0,0,0,0,1,1,0,0,1,0,0,1,0,0,1,0,0,1,0,0,0,0,1,0,1,0,0,0
9710-NJERN,0,0,0,0,39,1,0,20.15,826.0,0,1,1,0,0,0,0,1,0,1,0,0,1,0,0,1,0,0,1,0,0,1,0,0,1,0,0,0,1,0,0,0,1,0,0,1,0
